question,answers
Ki ni iṣẹ ti Chief Bọde Thomas n ṣe ki o to kuro laye ?,Alakoso ile ijọsin afirika ti naijiria.
Ọdun wo s'ọdun wo ni Olúṣẹ́gun Ọ̀ṣọbà jẹ  Gómìnà Ìpínlẹ̀ Ògùn n'ilẹ Naijiria?,Oṣu kini ọdun 1992 titi di oṣu kọkanla ọdun 1993.
Kini ise Lara Fortes nigbati Adams Oshiọmọle fẹ?,Aláwòṣe.
Ọjọ wo ni wọn bi oṣere yoruba Fẹmi Adebayọ?,Ọjọ kinilelọgbọn oṣu kẹjila ọdun 1978.
Kini ounjẹ ti Ogun ma n jẹ?,Awn ajá.
Idile ọba  wo ni Sanusi Lamido ti wa ?,Muhammadu sanusi i.
kiloruko ọbaluaye ti o siwaju Licinius?,Galerius.
Talo kọ́kọ́ de ori osupa?,Neil alden armstrong.
kini iye awọn eniyan nilu India?,1.2 bilionu.
Ọdun wo ni a bi John Forbes Kerry?,Ọdun 1943.
ọdun wo ni orilẹ ede Tanzania kopa ninu bọọlu alafesegba lagbaye kẹyin ?,Ko pegede.
Ọdun wo ni wọn dakẹ lati maa gbe aworan ẹfẹ Samurai Jack jade?,Ọjọ karunlelogun oṣu kẹsan ọdun 2004.
Ta ni aare obirin akọkọ ni ilẹ West Afirika ?,Sirleaf jẹ obirin akọkọ ti wọn yan si ipo olori orilẹ-ede ni afirika.
ṣe ijoba United Kingdom fowosi ikọsile?,Yes.
Ewo ninu awọn obi Adunni Ade ni ki se ọmọ orilẹ-ede Naijiria?,Ìyá.
Igba wo ni Akinwumi Ambọde fẹyinti gẹgẹ bi osisẹ ijọba?,Ògún 2012.
ṣe ile iṣẹ MTN wa ni Tanzania ni 2022?,No.
ṣe ise Ajẹ̀ṣẹ́-gídígbò wa ni orile ede Japan?,Yes.
Ọmọ ipinlẹ wo ni Muyiwa Ademola n ṣe?,Ogun.
Orilẹ-ede wo ni Yahya Jammeh to sa lọ ẹhin odi?,Equatorial guinea.
papa ọkọ oofurufu melo lani ni Naijiria?,32.
Tani ẹgbẹ Alagba Asofin wa ni Israel?,No.
ṣe ọdun 1999 ni MKO Abiola ṣe alaisi?,No.
kini Pascal je ninu eko kọmputa?,Programming language.
Kini akori iwe ti Festus Adedayo ko nipa Ayinla ọmọwura?,Àyìnlá ọmọwúrà: life and times of an àpàlà legend.
Tani ọmọ Kobe Bryant to ku pelu rẹ ninu ijamba ọkọ ofurufu?,Gianna.
ilu wo lo tobijulo ni Dubai?,Dubai.
N jẹ Queen Elizabeth II ni ọmọ akọkọ awọn obi i rẹ?,Bẹẹni.
Igba wo ni wọn da Ajọ to n mojuto ọrọ itankalẹ arun ni Naijiria (NCDC) sile?,2011.
Kọntinẹẹti wo ni Uganda wa?,Africa (ilẹ adulawọ).
Tani baba to bi Benjamin Jeremy?,Herbert stein.
Ọdun wo ni wọn kọkọ gbe iwe 'Rich Dad Poor Dad' jade?,Ọdun 1997.
Ibudo reluwe (train stations) meloo lo wa ni Lọndọn?,Eéjìlá dín ní ọ́rin lélọ́ọ̀dúnrún.
ṣe ilu California ni ibùjóòkó yunifasiti ti North Carolina?,No.
kilorukọ ọkọ akọọkọ ti oṣere Toyin Aimaku ni?,Adeniyi johnson.
Ipinlẹ wo lo tobi julọ l'orilẹ-ede Kanada?,Nunavut.
odun wo ni aarun ebola ti Afrikia bẹrẹ?,2013.
Bawo ni Dele Mọmọdu se sa kuro ni Naijiria nigbati ijoba Abacha fun esun igbiyanju lati ya ẹya kan kuro lara ilẹ Naijiria?,O ṣe bi agbẹ ni aala seme to su mọ cotonu ni orilẹ-ede benin.
"Ọdun wo ni wọn bẹẹrẹ sii n ṣe fiimu ""The Simpsons""?",Ọdun 1987.
Ni gba wo ni cinema agbelewo lati ori fọnran bẹrẹ ni orilẹ ede Naijiria?,Opin 1980.
Ki ni orukọ baba Ọba George ti ilu Gẹẹsi?,King george v.
Ki ni eya to tobi julọ ni Maldives ?,Gan.
"Ta ni oludari ere ""Alakada"" ?",Kayode kasum.
Ki l'orukọ iya to bi olorin Michael Jackson l'ọmọ?,Katherine esther jackson.
Ta lo jẹ oludasilẹ Living Faith Church ni Naijiria ?,David olaniyi oyedepo.
ọdun wo ni wọn bi Dame Helen Lydia Mirren?,Ọdun 1945.
ṣe ale fa hydrogen kemika ninu omi mimu?,Yes.
Njẹ Ipinlẹ Kano ni awọn eniyan ti pọ ju lorilẹ ede Naijiria ?,Bẹẹni.
asiko wo ni ọdun Keresimesi?,Ọjọ 25 oṣu ọpẹ (ọjọ keresimesi) si oṣu ṣẹrẹ.
Ki ni adape orukọ ikọ agbabọọlu Naijiria?,Super eagles.
kòkòrò wo lo ma n fa aarun Kọlera,Vibrio cholerae.
Ipinlẹ wo l'Amerika ni olorin Billie Holiday ti wa?,Pennsylvania.
Tani aarẹ orilede Amerika?,Joe biden.
Igba wo ni Samuel Eto'o di aarẹ ajọ ere bọọlu lorilẹ-ede Kamerun?,11 ọpẹ́ 2021.
Tani Olaf Scholz ni ilu Germani?,Alakoso ilẹ germani.
Ipo wo ni Toluse Olorunnipa dimu ni CNN?,Ánálíisíìtì.
Kinni itumọ orukọ juu (jewish name) ti a mọ si Zebedee?,Yawe tabi oluwa ti fun ni.
Ipinlẹ wo ni Odumegwu-Ojukwu ti kọkọ bẹrẹ iṣẹ ijọba ?,Ilẹ enugu.
Se egbe oselu wa ni ilu Germani?,Bẹẹni.
Ni ọdun wo ni orilẹ ede Ghana gba ominira lati ọdọ awọn Britaini ?,1957.
Ni odun wo ni a bi Liu Gang?,Ọdun 1961.
Awọn ilu wo ni o yi ipinlẹ Bayelsa ka?,Ipinlẹ rivers l'apa ila oorun ati ipinle delta l'apa iwọ oorun.
Kini ede osise ni orilẹ ede Tunisia ?,Larubawa ti awọn ara tunisia ma n sọ.
Ọdun wo ni wọn da ile ekọ Yunifasiti Nsukka silẹ ?,1955.
Ilu wo ni orilẹ-ede Naijiria ni wọn ti n sọ ede Nupe julọ?,Bida.
Ibo ni wọn sin Robert Adam si?,Apa guusu ti westminster abbey.
Ibo ni Yinka Odumakin ti pade Iyawo rẹ?,Alágbọn.
Ikọ agbabọọlu wo lo gba ipo akọkọ ni UEFA Champions league ti 2020?,Bayern munich.
Ọmọ ẹgbẹ oselu wo ni Onyeka Onwenu?,People's democratic party.
Ọdun wo ni Deborah Oluwaseyi Joshua gbe awo orin rẹ akọkọ jade?,Ọdun 2015.
ṣe  orílẹ̀-èdè sìmbábúè wa lẹgbe orílẹ̀-èdè Rwanda?,No.
Ta ni o pin orilẹ ede Naijiria si ipinlẹ mejila ?,General yakubu gowon.
Ijoba Algeria ati awọn wo ni wọn ja ogun abele?,Ẹgbẹ́ jàǹdùkú ẹlẹ́sì ìsìláàmù.
Nibo ni wọn maa n ṣe Met Gala?,Metropolitan museum of art's costume institute nilu new york.
Tani o ba MKO Abiola dupo Aarẹorilẹ-ede Naijiria ni ọdun 1993?,Bashir tofa.
Ta ni arẹ akọkọ orilẹ ede Kenya?,Jomo kenyatta.
Ipinlẹ wo l'orilẹ-ede Naijiria ni Kainji dam wa?,Ipinlẹ niger.
Orilẹ-ede melo ni ọmọ ẹgbẹ UNESCO?,193.
Iru orin wo ni Baba Sala nko?,Highlife.
Ta ni o tumọ bibeli si ede Yoruba ?,Samuel ajayi crowther.
Kini olu ilu Uganda?,Kampala.
Ipinle melo lo yii ipinle Kogi ka?,Mẹ́wàá.
ilu wo ni Ralph Waite ti wa?,New york.
Tani iyawo Gabriel Igbinedion?,Arábìnrin cherry igbinedion.
Ọdun wo ni a bi Billy Ocean?,Ọdun 1950.
Orile ede wo ni aisan Covid 19 ti kọkọ ṣẹlẹ  ?,China.
Odun wo ni a bi Victor Samuel Leonard Malu?,Ọdun 1947.
Ijọba tani o si Nyakuron Cultural Centre?,Abel alier.
ọdun wo ni Daniel Bernoulli gbe ipilẹ-oye ti wọn pe ni Bernoulli Principle kalẹ?,1738.
Ikọ agbabọlu wo ni Xavi kọkọ ba ṣiṣẹ gẹgẹ bi akọnimọgba?,Al sadd.
kilorukọ oluilu orilẹ-ede Sweden?,Stockholm.
ṣe Wahab Dosunmu ti jẹ aarẹ orile ede naijiria tẹlẹ ri?,No.
Awọn ara bo ni o maa n jẹ Banku ?,Ghana.
Eeyan meloo ni o n gbe ilu Kansas?,"2,940,865 ni ibamu pẹlu ikaniyan ti ọdun 2020."
idije melo ni Usain Bolt ti gba ami ẹyẹ to dara julo?,Mẹjọ.
N jẹ Baltimore jẹ olu ilu ipinlẹ Maryland?,Rara.
kilorukọ kòkòrò to wa ninu ewa?,Kokoro ẹwa (weevil).
kilorukọ iyawo akọọkọ ti Muhammadu Buhari fẹ?,Safinatu buhari.
Igba melo ni ẹgbẹ agbaboolu Liverpool Ti gba ife eye UEFA champions League?,Ẹ̀mẹẹ̀fà.
Se ale ri Aso rock ni ipinle Plateau?,No.
Kọntinẹeti wo ni orilẹ ede Jẹ́mánì wa?,Europe (yuroopu).
Nibo ni ọwọ awọn agbofinro tẹ Hushpuppi ni alẹ ọjọ ti wọn gbe?,Palazzo versace.
"Talo kọ ere to ni akori ""Eclipsed""?",Danai gurira.
Ipinlẹ meloo lo wa ni orilẹ-ede Benin-Republic?,Ẹka ile iṣẹ mejila.
Ipinlẹ wo lo ni eyan to pọjulọ ni India?,Uttar prades.
ṣe Steven Chu ti gba ẹbun Nobel ninu Litiresọ tẹlẹ ri?,No.
Lati ọdun wo ni orilẹ ede Australia ti wa?,Ọjọ kẹrindinlọgọta osu kinni ọdun 1788.
Ta ni ọba akọkọ ati eyi ti o jẹ gbẹyin ni orile ede Haiti ?,Henri christophe.
ṣe eka eeyan to wa ni ilu eko ju ti Kano lo ni ọdun 2005?,No.
Ilu wo ni wọn  ti kọkọ ri epo robi ni ẹkun guusu Naijiria ?,Oloibiri.
Igba wo ni Asisat Oshoala darapọ mọ ikọ Barcelona?,31 ṣẹẹrẹ 2019.
Eniyan melo ni wọn ti fi ami ẹyẹ Nobel Laureate da lọla ni orilẹ ede Naijiria?,Ikinni.
Igba melo ni Nwankwo Kanu gba ami ẹyẹ agbabọọlu to tayo julọ nilẹ Afirika?,Méjì.
Ta lo jẹ Popu ijọ Katoliki ni odun 2010?,Pope benedict xvi.
Igba melo ni wọn yọ Trump nipo aare orilẹ-ede Amerika?,Ìkejì.
Ile iwe alakọọbẹrẹ wo ni John Forbes Kerry lọ?,Ile-iwe fessenden.
ṣe ile Barbados ti yan gomina obinrin tele ri?,Yes.
Njẹ lootọ ni wọn yọ awọn iwe kan kuro ninu Bibeli?,Bẹẹni.
Ta ni baba Alàgbà Francis Akanu Ibiam?,Ijoye ibiam.
Isẹ wo ni Kẹmi Adetiba ko ni ile-iwe ẹkọ giga?,Ẹ̀kọ́ ìmẹ̀rọ ajẹmọ́-iṣẹ́-iná.
Ọdun wo ni Norma Shearer gba Ebun Akademi Obinrin Osere Todarajulo?,Ọdun 1930.
olóṣèlú wo lo bori idibo aarẹ ni orilẹ-ede south africa laipẹ?,Cyril ramaphosa.
Igba melo ni Anthony joshua ti gba bẹliti ẹyẹ heavy weight champion?,Méjì.
Ọdun wo ni Odunlade Adekola ṣe igbeyawo?,Ọdun 2003.
Eto wo ni Patrick Yakowa ti n pada nigbati baalu rẹ ja?,Òkú bàba oronto douglas.
Ọdun wo ni a bi Ram Narayan,Ọdun 1927.
Igba melo ni C. Ronaldo ti gba ife ẹyẹ Baloon d'or?,Márùn-ún.
Orilẹ-ede wo ni wọn bi Charles Darwin si?,Shropshire.
Odun wo ni a bi George Fitzgerald Smoot III?,Ọdun 1945.
Kinni orukọ ẹni to ṣekupa Archbishop Franz Ferdinand nigba ti ogun agabaye ikinni kọkọ bẹẹrẹ?,Gavrilo princip.
Inu ẹka imọ wo ni ọmọwe Goodluck Jonathan ti gba oye imọ ijinle PhD re?,Ìmọ̀ ẹ̀kọ́ nípa ẹranko.
N jẹ iwe 'Oliver Twist' ni akọkọ ti Charles Darwin gbe jade?,Rara.
Orin gospel Naijira wo ni awọn eniyan wo ju ni ori atẹ youtube in 2021?,Osinachi kalu okoro egbu.
Iye ifẹsẹwọnsẹ melo ni Xavi gba fun ẹgbẹ agbabọlu Barcelona?,767.
Ki ni ẹgbẹ oṣelu akọkọ ni orilẹ ede Naijiria?,Nigerian national democratic party.
N'ibo ni tubu to tobi julo ni gbogbo agbaye?,Rikers island.
Ẹgbe wo ni Macky Sall lo lati di Aare Senegal?,Alliance for the republic.
Iru orin wo ni Rex Jim Lawson kọ ni gbati o wa laye ?,Orin hailifi ti orilẹ-ede naijiaria.
Orilẹ-ede melo ni o jẹ ọmọ ẹgbẹ ajọ isokan awọn orilẹ-ede?,193.
Elo ni fiimu King of Boys pa lapapo lati Sinima?,₦ 245 mílíọ́ọ̀nù.
ṣe ile ise ayelujara Google wa laaye ni 1999?,Yes.
kiloruko Obinrin akọọkọ ti Ọlọrun da?,Efa.
Ọdun wo ni George W. Bush ṣe igbeyawo pẹlu Laura Bush?,Ọdun 1977.
ṣe Chicago lati bi aare tẹlẹ ri Donald Trump?,No.
Elo ni Femi Otedola gbefun Farouq Lawan ki wọn bale yọ orukọ ile-ise kuro ninu awọn to ru ofin iranwo owo ori epo?,Mílíọ́nù $3.
Ilu wo ni ilẹ Gẹẹsi ni Dame Helen Lydia Mirren ti ṣẹ wa?,London (lọndọnu).
"Ọdun wo ni a bi Dwayne Michael Carter, Jr?",Ọdun 1982.
Ẹgbẹ oṣelu ni o ṣe ijọba ni Sierria Leone ni ọdun 2020 ?,Sierra leone people party.
Kini iye ibo to wa larin Muhammadu Buhari  ati Goodluck Jonathan ni orilẹ-ede Naijira ni ọdun 2015?,Ju mílíọ́ọ̀nù 2.5 lọ.
Ibasepo wo lo wa larin Shehu Musa Yar'Adua ati Umaru Yar'Adua?,Bàbá.
Igba wo ni GoPro ra CineForm?,"Ẹrẹ́nà 30, 2011."
Njẹ republiki San Marino wa ni Europe ?,Bẹẹni.
Ẹgbẹ oṣelu wo lo ni ibo to pọju ninu ibo Aarẹ orilẹ-ede America ti ọdun 2020 ni Oklahoma City?,Republican party.
Orilẹ-ede wo ni oke Kilimanjaro wa?,Tanzania.
Ni igba wo ni irufẹ orin ti a mọ si Jazz bẹrẹ ni agbaye?,Ọrundun kọkandinlogun ati ibẹrẹ ọrundun ogun.
Ile ẹkọ giga wo ni o ṣe awari HPV Vaccine ?,Yunifasiti ti queensland ni australia.
yunifasiti wo ni Dudley R. Herschbach ti jade?,Fasiti stanford.
Ni ọdun wo ni Wọle ṣoyinka ti gba ẹbun nobel ?,1986.
"Ọjọ wo ni oniṣowo Amẹrika, John Hopkins, jade laye?",Ọjọ kẹrinlelogun oṣu kejila ọdun 1873.
Awọ (color) meloo lo wa ni filagii ti Biafra?,Awọ mẹta.
Ta lo jẹ minisita fun epo l'orilẹ-ede Naijiria l'ọdun 2017?,Muhammadu buhari.
Asiko wo ni Mike Bamiloye da ileesẹ Mount Zion Ministries sile?,5 ògún 1985.
ọdun wo labi Steven Chu?,St. louis.
Igba wo ni Ade Love darapo mo ẹgbẹ elere ti Baba Sala?,1976.
Ọdun wo ni wọn da Soviet Union silẹ,1922.
Ẹran wo lotobijulọ ni gbogbo agbaye ?,Erinmi buluu.
Kini idi ti Pope Benedict XVI fi kọ iwe fi ipo rẹ silẹ?,Ọjọ́ ogbó.
ṣe orilẹ ede Swaziland fi egbe ti orilẹ ede South Áfríkà,Yes.
"Ẹgbẹ oselu wo ni Gomina tẹlẹ, Olúṣẹ́gun Ọ̀ṣọbà, wa nigba to jẹ gomina ipinlẹ Ogun?",Ẹgbẹ alliance for democracy party (ad).
Ta lo da ṣọọṣi Johovah's witness silẹ?,Charles taze russell.
Iru orin wo ni olorin Salawa Abeni ma n kọ ?,Waka.
Apa ibo ni orilẹ ede Somalia wa ni ori mapu ilẹ Afrika?,Iwo ilẹ afrika.
ṣe Furansi kopa ninu ife bọọlu alafesegba lagbaye ni 2018,Yes.
Ki ni olu ilu orilẹ ede India?,New delhi.
ṣe oṣu march ni aara tẹlẹ ri Barack Obama kooko bori idibo aare ni ilu Amerika?,No.
Ipo wo ni Adebayo Alao-Akala wa nigbati o feyinti nibi ise ọlọpa?,Igbákejì kọmíṣọ́nà ọlọ́pàá.
Ọdun melo ni iyawo Emmanuel Macron fi ju lọ?,Ọdún 25.
Ọdun wo ni Stephen Cole Kleene fi aye silẹ?,1994.
Kọntinẹẹti wo ni Vietnam wa?,Asia (eṣia).
tani obìnrin akọọkọ to wa ọkọ ofurufu ni orilede Naijiria?,Chinyere kalu.
Igba wo ni wọn da ajọ isọkan awọn orilẹ-ede  silẹ?,24-oct-45.
tani Gomina ipinle California lowolowo?,Gavin newsom.
Irufe awọn iwe wo ni Gwendolyn Elizabeth Brooks ti kọ?,Awọn ayẹyẹ ti ara ẹni ati awọn igbiyanju ti awọn eniyan ni agbegbe rẹ.
Ta ni o kọkọ bẹrẹ gbigbẹ koko ni orile ede Ghana ?,Tetteh quarshie.
Njẹ Scharnhorst jẹ ọkọ oju omi ti wọn fii n jagun ?,Bẹẹni.
Igba melo ni wọn ti Joe Okei-Odumakin mole ni asiko ijoba Babangida?,17.
Ilu wo ni oye dẹmokirasi ti bẹrẹ ni agbaye?,Greece (griisi).
Tani oludasilẹ Radio Baifra?,Mazi nnamdi kanu.
Orile-ede wo ni o bori Colombia ni 1525 ?,Awọn ara spain.
talo gba alawada to daraju lo ni Afrika ni odun 2005?,Christopher julius rock.
Igba wo ni Aare Muammar Gaddafi ku?,20 ọ̀wàwà 2011.
N jẹ orilẹ-ede Moroko jẹ ilu Musuliu?,Bẹẹni.
ṣe ọmọ ilu Naijiria ni Odion Ighalo?,Yes.
Tani obinrin akọkọ ni ilẹ Afirika ti o gba ẹbun nobel alaafia ?,Wangarĩ muta maatha.
ki lorukọ oníìdájọ́ agba ni ilu amẹrika?,John roberts.
Ni bo ni ile itaja ti otobi ju lagbaye wa?,"China, thailandi ati ilẹ philippini."
Ọdun wo ni a da ilu Sokoto silẹ?,Ọdun 1976.
Kinni orukọ ti sayẹnsi fun ibi ara ti wọn pe Adam's Apple l'ede gẹẹsi?,Prominentia laryngea.
Njẹ awọn ara Angola maa n sọ ede Oshiwambo ?,Bẹẹni.
Ta l'ẹni to da ile iṣẹ McVities silẹ?,United biscuits.
wakati melo lowa ninu ọjọ?,24.
ki lorukọ tuntun ti ilé-iṣẹ́ Facebook njẹ nisi?,Meta.
Nibo ni ile iṣẹ Yoruba Academy wa?,"Ibadan, oyo state, nigeria."
Ibo melo lo gbe Aarẹ Muhammadu Buhari wole gege bi Aarẹ orilẹ-ede Naijira ni ọdun 2015?,Ji ìbo mílíọ́ọ̀nù 2.5 lọ.
Alaga igbimọ wo ni Abike Dabiri jẹ nigbati o wa ni ile igbimọ asofin agba?,Àjọ tó ń mójú tó ìròyìn & ìkéde.
Agbebe ijọba wo ni LUTH wa ni ipinlẹ eko ?,Surulere.
Ọmọ meloo ni Stella Damascus bi?,Meji.
Ere wo lo jẹ akọkọ ti Tunde Kelani gbe jade?,The dilema of rev. father michael. (idaamu paadi minkailu).
ọdun wo ni ile ise Instagram bẹẹrẹ iṣe?,2010.
Orilẹ-ede wo lo gba ami ẹyẹ to poju lo ni ibi ere idaraya Olympic ọdun 2020?,United states.
kiloruko aare orilẹ ede Tunisia?,Kais saied.
Ta ni olori orilẹ ede Naijiria lẹhin iku Abacha ?,Abdulsalami abubakar.
Apa wo n'ilẹ Adulawo ni orilẹ-ede South Sudan wa?,Ila-oorun afirika.
Ki ni ohun eto ọrọ aje wọn ni ipinlẹ Imo?,Epo pupa.
Ilu wo ni ori oke Meru wa ni orile ede Tanzania ?,Arusha.
"Kini odinwọn giga Afeez Oladimeji, okunrin ti o ga ju ni Naijiria?",7feets 4 inches.
Àwọn agbegbe wo ni a ti n sọ ede Yoruba?,Ni guusu iwọ oorun naijiria ju lọ.
Kini apapọ iye awọn olugbe ipinlẹ Ọyọ?,"7,840,864."
Kini ipo ti dimu Hamza al-Mustapha ninu ijoba ologun ti Sani Abacha?,Olórí àwọn ẹ̀ṣọ́.
Ki l'orukọ aja bulu (bull dog) to wa ninu ere 'Tom and Jerry'?,Spike.
Ọdun wo ni wọn da Yunifasiti ti ipinlẹ Imo l'orilẹ-ede Naijiria silẹ?,Ọdun 1981.
Orile-ede wo ni wọn kọ mọṣalaṣi Djinguereber si ?,Mali.
"ṣe Yunifasiti Princeton jẹ Yunifasiti akọkọ ni New Jersey, l'orilẹ-ede Amẹrika?",Rara.
Ọjọ wo ni orilẹ-ede South Africa bẹrẹ si ni fun awọn eyan ni abẹrẹ ajẹ sara ti Covid-19?,17 èrèlé 2021.
Ile-ise wo ni Dora Akinyili wa ki wọn to yan gẹgẹ bi oga agba NAFDAC?,Akọ̀wé ìgbèríko ti àkànṣẹ́ owó epo rọ̀bì.
Ipinlẹ melooo ni o wa ni orile ede Algeria?,58.
ṣe ale ri orilẹ ede Paraguay ni South Amerika?,Yes.
ọdun wo ni eré Muvhango jade?,1997.
Iwe melo ni Thomas Carlyle ti kọ?,Oogun.
Iku wo lo pa Adolph Hitler ?,Suicide.
Ta ni onitọhun ti o sọ Naijiria ni orukọ ti o n jẹ ?,Flora louise shaw.
Ni ọdun wo ni a bi Bassey Henshaw?,Ọdun 1943.
Ilu meloo lo wa ni orilẹ ede Fransi,Mejidilogun.
Nigba wo lọ da egbe agbabọọlu Real Madrid silẹ?,6 èrèlé 1902.
Orile ede wo ni ere golfu ti bẹrẹ ?,Scotland.
ki ni awọn ẹya tobi ju ni naijiria?,Mẹta.
Tani Minisita fun ẹkọ l'orilẹ-ede China l'ọdun 2021?,Ma xulun.
Tani oludasile Okada air?,Olóyè gabriel igbinedion.
Ọjọ wo ni Frank Lampard darapo mo ẹgbẹ agbabọlu Everton gẹgẹ bi akonimọgba?,13 ṣẹẹrẹ 2022.
Ta ni o da ile ounjẹ  McDonalds silẹ ni ọdun 1994 ?,Richard ati maurice mcdonald.
Orukọ wo ni ilẹ Trinidad jẹ tẹlẹ?,Cairi.
Ni ọdun wo ni Festus Keyamo di agbẹjọro labẹ ofin?,Ọdun 1993.
Ọmọ ọdun wo ni Lionel Messi nigbati o darapọ mọ ẹgbẹ agbabọọlu Barcelona?,Mẹtala.
Kini oruko owo orilẹ ede Kenya?,Shile.
Ilu wo ni wọn bi Adolf Hitler si?,Braunau am inn.
Ta ni alakoso akọkọ ile ekọ giga Yunifasiti of Lagos ?,Eni njoku.
Ọmo odun melo ni Genevieve Nnaji  nigbati o bẹrẹ isẹ gẹgẹ bi Osere?,8.
"Ki l'orukọ Meghan, Duchess of Sussex, ninu ere 'Suits'?",Rachel zane.
Ọdun wo ni olorin Nasty C kọ orin 'Said'?,[].
Ta lẹni akọkọ to fi moto kọja lori Sahara Desert lati iwọ oorun si ila oorun ?,[].
Ipa wo ni Zanzibar City n ko lori eto ọrọ aje ilu Tansania?,[].
Ọmọ ọdun melo ni oṣere Sandra Bullock ni ọdun 2015 ?,[].
Poopu meloo lo ti wa bayii?,[].
tani igba keji aare South Africa nigba Nelson Mandela?,[].
Awọn orilẹ ede melo ni o yi orilẹ ede Poland ka?,[].
Ẹgbẹ oloselu nla melo lo darapọ lati di egbe All Progressives Congress (APC)?,[].
N jẹ wọn bi oloogbe Bọde Thomas si ilu Eko?,[].
Ọmọ ọdun melo ni Tope Alabi nigbati o bẹrẹ si ni kọrin ẹẹmi?,[].
Laaarin ọdun wo ni Finidi George gba bọọlu fun Naijiria?,[].
Odo meloo lo wa ni gbogbo agbaye?,[].
Ọmọ meloo ni Femi Falana bi?,[].
Ta ni Gomina Akọkọ ni ilu Imo?,[].
Kini orukọ ẹgbẹ agba tennis ti orilẹ ede Chezh Republic?,[].
N jẹ Detroit jẹ ilu to tobi julọ ni ipinlẹ Michigan?,[].
Orilẹ-ede wo lo kere ju lọ ni ilẹ Asia?,[].
ooṣu kelo ni ooṣu March boosi ninu ọdun?,[].
Awọ melo lowa lara asia ilu Paraguay?,[].
Ki l'orukọ fun ọgẹdẹ l'ede itali?,[].
Ta ni are orile ede Amerika ni ọdun ti Liu Gang pa ipo da?,[].
Ọdun wo ni a bi Chioma Omeruah?,[].
Njẹ Ẹpe wa lara awọn ilu ni Ijẹbu ?,[].
papa ọkọ ofurufu melo lowa ni orile ede Madagascar?,[].
Ta ni Gomina akọkọ t'ilu Kaduna l'orilẹ-ede Naijiria?,[].
Ilu wo ni Naijiaria ni o ni apata ti o tobi julọ ?,[].
Bawo ni iwọn Ilu Sokoto ṣe tobi si?,[].
Njẹ igbelewọn kankan wa ti wọn fi nse odiwọn awọn akọnimọọgba ere bọọlu ni orilẹ ede Naijiria?,[].
Nigbawo ni a bẹrẹ si ina pese convertible ni Afrika?,[].
Ta lẹni to jẹ gomina ti Eko nigba ti wọn pari kikọ National Arts Theatre l'Eko?,[].
"Ọmọọdun meloo ni woli Samuel ninu bibeli, nigbati iya rẹ gbe lo si tẹmpili lati ma gbe bẹ?",[].
Laarin igbawo ni Olagunsoye Oyinlola fi je alabojuto ologun fun ipinle Eko?,[].
Putin ni aare ke lo ni ilẹ Russia?,[].
Alfabẹti meloo lo wa l'ede chinese?,[].
Orile-ede meloo ni ile iṣẹ Google wa?,[].
okun melo la le ri ni Mahikeng?,[].
Iye kilomita meloo lo wa laaarin Ọṣun si Eko?,[].
Awọn ilu wo ni o yi orilẹ ede Tansania ka?,[].
Igba wo ni Dakuku Peterside fi wa ni ile igbimọ asofin ti Abuja?,[].
Orilẹ-ede meloo ni Amazon ni ile-iṣẹ rẹ si?,[].
Nigba wo ni Floriano Peixoto bẹrẹ sini di ilu mọ ọ ka?,[].
Ki ni apapọ iṣiro iye ọmọ ile-iwe ti Rufus Giwa Polytechnic ni?,[].
Bawo ni okun Okhotsk ṣe fẹ si ?,[].
Ki ni apapọ iye eniyan to n gbe ilu New York?,[].
"Kinni itumọ 'TC' to wa ni orukọ Aarẹ George Maxwell Richards, TC, CM ?",[].
Kinni dayamita (diameter) oorun ni wiwọn Km?,[].
Ipinle wo lo tobi julọ nipa ilẹ ni naijiria?,[].
ọjọ melo lowa ninu  ooṣu kọkanla,[].
Nigbawo ni ijọba ipinle Oyo da operation burst silẹ?,[].
Ki ni fiimu akọkọ ti Odunlade Adekola ṣe?,[].
Ọmọ ọdun meloo ni Odunlade Adekola?,[].
Ki l'orukọ gomina igbakeji ti ipinlẹ New York l'ọdun 2006?,[].
Ara ilu wo ni ọgbeni Jeff Dean?,[].
Ta ni alakọwe iwe iroyin akọkọ ni ilu Abeokuta ?,[].
Orile-edẹ wo ni Michael Faraday ti wa?,[].
Ọmọ ipinlẹ wo ni Francis Odega?,[].
Ọmọ ogun meloo ni ọlọpa orile ede Australia ni?,[].
Tani alakọwe akọọkọ to gba ẹbun Nobel ninu mathematiiki lagbaye?,[].
Kini o fa ti a fi sọ ẹgbẹ agba bọọlu orilẹ ede Naijiria ni super eagles ?,[].
Isẹ wo ni gba Sikiru Ayinde Barister fun nigbati o darapọ mọ awọn ologun ti Naijiria?,[].
Ọdun wo ni a bi ṣégun Abraham?,[].
Ta ni alaga agba ẹgbẹ Rally of the Guinean People lọdun ti a da silẹ?,[].
Ni ọdun wo ni wọn bere si I lo kalenda Gregory ni agbaye?,[].
Ni ipinlẹ wo ni oke ila orangun wa ?,[].
Ki ni akọle iwe akọkọ ti Akin Euba kọ?,[].
Iru iṣu wo ni awọn Ijẹbu ma fi n se ounjẹ Ebiripo ?,[].
Ọmọ ọdun meloo ni Shirley Jones ki o to ku?,[].
alakọwe melo lo ti gba ẹbun Nobel ninu kemistri?,[].
ipinle wo ni aare tele ri Olusegun Obasanjo tiwa?,[].
Ọsa wo lo kere julọ ni ilẹ Afirika ?,[].
Ta l'ọba ilẹ Egypt ti ayaba Nerfetiti fẹ?,[].
Eniyan meloo ni Covid-19 pa l'orilẹ-ede Australia l'ọdun 2020?,[].
Nigba wo ni Billy Ocean bẹẹrẹ si I kọrin?,[].
Ọdun wo ni Frederick Sanger gba ẹbun Nobel akọkọ?,[].
Igba wo ni orilede Amẹrika kopa ni bọọlu alafẹsẹgba lagbaye keyin?,[].
Kini ọjọ ori Barack Obama nigbati odi aarẹ orilẹ-ede Amẹrika?,[].
Arin asiko wo ni Ọjọgbọn Wande Abimbola sise gẹgẹ bi oga agba ti Yunifasiti Obafemi Awolowo ni Ile-Ife?,[].
Ni ọdun wo ni Lola Omolola da ẹgbẹ FIN kalẹ lori Facebook?,[].
ṣe Eugène Régis Mangalaza ti jẹ ipo igbakeji aare ti Madagascar tẹlẹ ri?,[].
Ile-iwe wo ni Yemi Elebuibon ti ka iwe?,[].
Ipinlẹ melo lo wa ni orilẹ ede USA nigbati a da silẹ?,[].
Ipo wo ni ijọba apapọ yan Festus Keyamo si ni ọdun 2015?,[].
Ọdun wo ni wọn pari akojọpọ Bibeli?,[].
Kini ibasepo ti o wa laarin Duke Henderson ati Carl Bosch?,[].
"Njẹ ""Ige"" jẹ lara awọn orukọ amutọrunwa ni ilẹ  Yoruba ?",[].
Tani o kọkọ kọ iṣiro ni ile ẹkọ giga lorilẹ ede Naijiria?,[].
Ede wo ni awọn ara Makoko maa n sọ ju ?,[].
Tani okunrin ti o ga ju lagbaaye ni ọdun 2021?,[].
Igba wo ni a bi Charie Omotunde?,[].
Ibo ni Robert Adam ti kọ iṣẹ yaleyale?,[].
Kini olu ilu ilẹ South Africa?,[].
Ọmọ ọdun melo ni Solomon Popoli nigbati o bẹrẹ si ni kọ orin ?,[].
Ilu wo ni  ile-isẹ Twitter ti bẹrẹ?,[].
Ni abẹ ijọba wo ni a ti da Ipinle Osun silẹ?,[].
ọdun wo ni ọbabinrin Elizabeth lọsi ilu Amerika gbẹyin?,[].
Ede melo ni afi kọ Wikipedia?,[].
ṣe ogun ti waye tele ri larin ilẹ Pakistan ati ile Israeli?,[].
Iru awọn ami ẹyẹ wo ni ijọba orilẹ ede Nigeria ma n fun awọn ọmọ orilẹ ede rẹ ?,[].
Ilu wo lo tobi julọ ni  orilẹ ede Dominican Republic ?,[].
ṣe South Korea wa ni Ilaorun lagbaaye?,[].
Ọmọọdun meloo ni Reece James jẹ l'ọdun-un 2020?,[].
àsìkò wo ni oorun ma n jade julọ ni ilu Kanada?,[].
Ẹgbẹ oṣelu melo ti a kọ silẹ lo wa ni Naijiria l'ọdun 2019?,[].
"Ipinlẹ ti Naijiria wo ni Adeniran Ogunsanya QC, SAN ti wa?",[].
Ilu wo ni o yi orilẹ ede Kambodia ka?,[].
N jẹ wọn sọ ipinlẹ Ogun l'orilẹ-ede Naijiria lẹyin oriṣa 'Ogun'?,Gold paragraph.
Orilẹ ede wo ni oni ilẹ ti o fe ju lagbaye?,[].
Ilu wo ni ọrọ-aje wọn tobi ju ni Afirika ni ọdun 2020?,[].
ilu wo lati bi Sheikh Mohammed,[].
Kini orukọ iwe akọkọ ti Obama Barrack kọ ?,[].
Arin ọdun wo ni Okada air fi sisẹ?,[].
nibo ni coffee ti wa?,[].
Kini iye awọn osisẹ ileese ajagun ojuoofurufu Naijiria?,"15,000."
Ọmọ ọdun melo ni Cosmas Maduka nigbati o fẹ iyawo rẹ Charity?,21.
Igbawo ni Popu John Paul II ku ?,2005.
Ta lẹni to jẹ gomina ti Eko nigba ti wọn pari kikọ National Arts Theatre l'Eko?,Oluṣẹgun ọbasanjọ.
Ipinlẹ wo l'Amẹrika ni Wikimedia Foundation kọ olu ile iṣẹ wọn si?,California.
Ẹgbe oṣelu wo ni Peter Odili lo lati jẹ Gomina Rivers?,People's democratic party.
Eroja pataki wo ni awọn ara Igbo fi maa n se ounjẹ abacha ?,Gbaguda.
Ta lo'darii apa kinni fiimu Transformers?,Michael bay.
Ta lẹni to da orin-iyin ti orilẹ-ede Amẹrika?,Francis scott key.
Aarin ọdun wo ni ogun abẹle fi sẹlẹ ni orilẹ-ede Naijiria?,6 agẹmọ 1967 – 15 ṣẹẹrẹ 1970.
Ọdọ ẹgbẹ wo ni Ebenezer Obey ti kọsẹ orin kiko?,Ẹgbẹ́ olórin fatai rolling-dollar.
Kini agbegbe ti o tobi julọ ni orilẹ-ede Nepal ?,Kathmandu.
Awọn wo lo pa Didius Julianus ?,Ṣójà.
ilu wo lati bi Samuel Ajayi Crowther ?,Osogun.
Ipinlẹ melo wo ni Yakubu Gowon kọkọ da ni ọdun 1967 ?,12.
Ta lẹni to da Coca-cola silẹ?,John stith pemberton.
Ọdun wo ni wọn da ile ẹkọ Queen's college yaba silẹ ?,[].
Fiimu agbelewo wo ni Tunde Kelani kọkọ se agbejade?,[].
Ipinlẹ wo ni Ibukun Awosika ti sinru ilu Naijiria?,Ìpínlẹ̀ kano.
Ta ni oludasilẹ Mount Zion Movies ?,Mike abayomi bamiloye.
Ni odun wo ni a da ile iṣẹ Facebook sile?,Awọn ikanni ajọlo.
Ki ni asteroidi n ṣe?,Astroid jẹ ila matimatiki pato: o jẹ hypocycloid to ni ibi iyipada meẹrin.
Igba wo ni JJ Rawlings pari ijọba rẹ gẹgẹ bi ologun ni orilẹ-ede Ghana?,2001.
Bawo ni ijọ katoliki ṣe bẹrẹ?,Asa ti ijọ katoliki sọ pe ijọ katoliki bẹrẹ pẹlu jesu krisiti ati awọn ẹkọ rẹ.
Ilu wo lo tobi julọ ni orile ede Haiti ?,Port-au-prince.
Ta ni ọba akọkọ ijọba Tooro ni Uganda ?,Omukama kaboyo olimi i.
"Ki ni orin akọkọ ti Dwayne Michael Carter, Jr gbe jade sinu fọọran?",True story (itan otitọ).
Ile-iṣẹ wo lo gbe ere amohunmaworan Baba Ajasco sita?,Wale adenuga productions limited.
Odo wo ni o gun ju lọ lẹyin odo Nile ni ilẹ Afrika ?,Odo nile.
Ijọ wo lọ bi Pasitọ Enoch Adeboye?,"Ọjọ 2, oṣu ẹrẹna, ọdun 1942."
Ibo ni wọn ti sin aarẹ tẹlẹ Nelson Mandela ?,Union building ni pretoria.
ṣe ilu Amerika ni orilẹ ede akooko to ran eniyan losi oṣupa?,Yes.
iwe wo ni olukowe Anichebe kọ kẹyin?,There was a country: a personal history of biafra.
ṣe ile iwe giga ti Lautech ni ẹka ni ilu Ogbomosho?,Yes.
Fiimu wo lo gbe Lere Paimọ sita gẹgẹ bi osere?,Ògbórí ẹlẹ́mọ̀ṣọ́.
Agbẹgbẹ melo ni wọn pin orilẹ-ede Sierra Leone si?,16.
Kini owo osise ni orilẹ Jamaica ?,Jamaican dollar.
Ọjọ kelo ninu ọsẹ ni wọn n bọ Sango?,Ọjọ́ kaàrún.
Ipo wo ni Rotimi Amaechi fun Nyesom Wike ninu ijoba re?,Olórí àwọn òṣìṣẹ́.
kilorukọ emperor alakọọkọ ni orilẹ ede China?,Qin shi huang.
awọn ọmọ melo ni Paul Adefarasin bi?,Márùn-ún.
Ki ni orukọ orin ti Westlife kọkọ gbejade ?,Swear it again.
Ọjọ wo ni Stella Obasanjo di ologbe?,23 ọ̀wàwà 2005.
ọdun melo ni Obasanjo fi je aare orile ede Naijiria,1999 si 2007.
Ọdun wo ni a bi John Burdon Sanderson Haldane FRS?,Ọdun 1892.
Irufẹ aisan wo ni o se okunfa iku Sound Sultan?,Angioimmunoblastic t-cell lymphoma.
Ilu wo ni wọn ti da Ile iwosan  akọkọ ni orilẹ ede Tanzania ?,Nkinga.
"Kini orukọ ti wọn pe Kinshasa, ti ojẹ olu ilu orilẹ-ede Kongo tẹlẹ?",Léopoldville.
Ile wo lo ni ipilẹ to jinlẹ julọ ni gbogbo agbaye?,Petronas towers.
Tani o ko ipa Black Panther ninu fiimu Black Panter?,Chadwick boseman.
Ori oke wo ni o tobi julọ ninu ori oke Kilimanjaro ati ori oke everest ?,Ori oke ti o ga julọ ni gbogbo agbaye ni oke everest.
ṣe agbábọ́ọ̀lù samuel etoo ti gba ami ẹyẹ agbábọ́ọ̀lù to dara julo lagbaye?,No.
ọdun melo ni Benjamin Franklin lo laye?,84.
Eso igi wo ni a fi n ṣe ori ?,Igi ori ti ilẹ afirika.
Ijọba ibilẹ meloo ni o wa ni ilu Delta?,25.
Ọdun wo ni a bi Mahilia Jackson?,Ọdun 1911.
Ipo wo ni Nnamdi Azikwe dimu ninu Biafra?,Agbẹnusọ.
Ọmọ ilu wo ni Femi Falana jẹ?,Ekiti.
Ilu wo ni afara (bridge) to gun julọ l'orilẹ-ede Amẹrika wa?,Metairie.
ṣe Albert Einstein ti gba Ebun Nobel ninu Fisiksi tele ri ?,Yes.
Ta ni igbakeji aarẹ Buhari ni aye ologun?,Tunde idiagbon.
Tani Aarẹ orilẹ-ede Sierra Leone nigbati ogun abele ọdun 1992 bẹrẹ?,Joseph momoh.
Ipinlẹ wo ni brazil ni Gabriel Jesus ti jade?,São paulo.
ṣe Afrika ti gbalejo world cup tele ri?,Yes.
Ilu wo ni o wa ni ibode ilu Kansas ni apa iwọ oorun?,Kolorado.
Ibo ni olu ilu Senegal?,Dakar.
Ijọba agbegbe meloo lo wa ni ipinlẹ Imo ni orilẹ-ede Naijiria?,Mẹta din lọgbọn.
Ọmọ orilẹ ede wo ni Shirley Jones?,Ara ilu amẹrika.
Ọmọ ilu wo ni Orlando Owoh?,"Ìjọba ìbílẹ̀ ifon - ose, ìpínlẹ̀ òǹdó."
department wo ni Dora Akunyili ti ṣiṣe bi ọga patapata ni 2007 ?,Ajọ to n mojuto akoso ohun jijẹ ati mimu lorilẹede naijiria (nafdac).
Ọdun wo ni ijoba apapo orilẹ-ede Naijiria fun ile-ise Coscharis ni iwe ase lati ma gbe oko wole?,1982.
Ede wo lọ sọ ni orile ede Kòlómbìà?,Ede sipeeni.
Ọmọ ẹgbẹ oṣelu wo ni John Forbes Kerry?,Ẹgbẹ olominira.
Ọdun wo ni wọn bi Ludwig Lazarus Zamenhof?,Ọdun 1859.
Tani iyawo ti Don Jazzy fẹ ri?,Michelle jackson.
Ta ni ẹni akọkọ ti o gba ami eyẹ Nobel ni litiresọ?,Sully prudhomme.
"Ipo ologun wo ni Gomina tẹlẹ, Jonah David Jang, wa nigba ti o fi iṣẹ ologun Naijiria silẹ?",Air commodore.
Ki l'orukọ ọmọ ikẹhin Muhammad Ali?,Muhammad ali jr.
N jẹ Fẹmi Kuti jẹ ọmọ akọkọ olorin Fẹla Kuti?,Bẹẹni.
Fiimu agbelewo wo ni Adunni Ade kọkọ se agbejade rẹ?,You or i.
Ipinlẹ meloo lo wa ni Togo?,Agbegbe marun.
Ipinle wo ni orilẹ-ede Amerika ni ilu Cleveland wa?,Ohio.
Nigba wo ni Moses Orimọlade bẹrẹ ijo Kerubu ati Serafu?,1925.
Njẹ arabirin Maya Angelou gba ẹbun Nobeli ?,Bẹẹkọ.
Orilẹ-ede Yuroopu melo lo wa ninu ajo NATO?,27.
eto wo lo n ṣe alamojuto awọn ọmọ orukan ?,Ile awọn ọmọ alailobi.
"ki loruko ere ìdárayá ti ale fẹsẹ gba, ti osi ni ẹgbe mokanla?",Bọọlu afẹsẹgba.
Kinni olu-ilu Singapore?,Singapore.
Ọdun wo ni Jonah David Jang kuro ni iṣẹ ologun ti Naijiria?,Ọdun 1990.
Tani osere akọkọ ti ẹgbẹ Mo' Hits Records ni?,D'banj.
Ki ni iṣẹ ti Alàgbà Francis Akanu Ibiam n ṣe?,Ojihin-iṣẹ-ọlọrun oniṣegun.
Ta lo jẹ Gomina Ipinlẹ Benue saaju Aper Aku?,Abdullahi shelleng.
Ta lo da ile iṣe amohun maworan akọkọ sile ni ile West Africa ?,Ijọba orile-ede naijiria.
Ọmọ ọdun  melo ni Bessie Smith nigbati o di oloogbe?,43.
Ijọ wo ni Moses Orimolade da silẹ ?,Kerubu ati serafu.
Kinni orukọ ẹni to jẹ ọba ilu Iwo ni ipinlẹ Ọsun l'ọdun 2021?,Hrm oba abdulrosheed akanbi.
Kinni itumọ .png to jẹ ara orukọ faili aworan?,Portable network graphics.
Ibo ni olu ilu orilẹ-ede Qatar?,Doha.
Ọdun wo ni wọn gbe ere Baba Ajasco jade?,1996.
Njẹ wọn sọ orukọ ilu San Diego l'orile-ede Amẹrika leyin eyan kan?,Rara.
Ipele wo ni Pearlena Igbokwe ti bẹrẹ isẹ ni ile-isẹ Showtime?,"Igbákejì aàrẹ, drama programming, fún nbc entertainment."
tani ọga adajo patapata ni orilẹ ede Brazil?,Luiz fux.
oṣù wo ni ajọyọ ibi Kristi?,Oṣu ọpẹ.
ṣe ale ri orilẹ-ede Hungary ni Afirika?,No.
Kinni aisan to ṣekupa Charlie Chaplin?,Aarun cirrhosis ninu ẹdọ.
Ta ni o da ẹgbẹ oṣelu akọkọ silẹ nilẹ Naijiria?̣,Herbert macaulay.
Ọdun wo ni orilẹ-ede Cameroon gba ominira?,Ọdun 1960.
Ijọba ta ni o da ẹgbẹ DSS silẹ?,Ibrahim babangida.
"Inu ere wo ni oludasilẹ Alibaba, Jack Ma ti kọkọ kopa?",Gong shou dao.
Ẹya meloo ti a kọ silẹ lo wa nilu Plateau l'orilẹ-ede Naijiria?,Ẹẹtadilogun.
Nibo ni olu ile-iṣẹ UN wa?,Orilẹ-ede amẹrika.
Ni orile ede wo ni wọn ti maa n sọ ede Twi ?,Ghana.
Ta ni ọga ile-iṣe NASA l'ọdun 2020?,James frederick bridenstine.
Ni ọdun wo ni a da ile iṣẹ telifiṣiọọnu akọkọ silẹ ni orilẹ ede Naijiria?,Ọdun 1959.
ṣe ẹkọ àgbègbè wa laara awon ẹkọ sayensi?,Yes.
Ẹgbẹ oṣelu wo ni Kamorudeen Adekunle wa?,People's democratic party.
tani ọba Benin lowolowo ni Naijiria?,Ewuare ii.
Orile ede wo ni ilu Paris wa?,French (faranse).
Igba wo ni wọn pin ipinlẹ Ọsun kuro lara ipinlẹ Ọyọ?,27 ògún 1991.
Ṣe gbogbo ile iṣẹ ọlọpa ni o ni ojuṣe kanna lagbaye?,Bẹẹni.
Igba melo ọtọtọ ni wọn ti yan Ngozi Okonjo-Iweala gẹgẹ bi minisita fun eto ọrọ isuna Naijiria?,Ẹ̀meèjì.
Ki loruko olu ilu ti british columbia ni orile ede Kanada?,Victoria.
Kinni kẹmikal pataki ti n ṣiṣẹ ninu biliṣi?,Calcium hypochlorite.
Orile ede wo ni Berlin wa?,Germany (jẹmani).
Kinni iṣẹ Piston ninu moto?,Lati gbe ipa kuro ninu gaasi tio n posi to wa ninu silinda lọsi crankshaft pẹlu ọpa piston.
Ta ni gomina akọkọ ti ipinlẹ Nevada ni Orilẹ-ede Amẹrika?,Whig isaac roop.
talo dari eré Muvhango?,Duma ndlovu.
ki lorukọ Department ti o ma n kọrin ninu ijọ?,Ẹgbẹ akọrin.
Agbegbe wo ni ileese Mambilla wa ni ipinle Taraba?,Abúlé kakara.
Ọdun wo ni Amerika gba ominira?,Ọdun 1776.
Ọdun wo ni a dá oye Poet Laureate Consultant in Poetry to the Library of Congress silẹ?,Ọdun 1937.
Ibo ni wọn ti n ṣe itọju awọn erin alailobi  lati ni Kenya ?,Tsavo national park.
Talo gba ami ẹyẹ bọọlu alẹfẹsẹ gba ni ọdun 2007,Kaká.
Ni igba wo ni kede isẹlẹ akọkọ Covid-19 ni orilẹ-ede Naijiria?,27 èrèlé 2021.
Iwe wo ni Charles Olson kọkọ kọ?,Call me ishmael.
Ipin meloo lo wa ninu Kuraani?,Ẹẹrin le ni aadọfa.
Ọdun wo ni Nnamdi Azikwe faye silẹ?,Ọdun 1996.
Ilu wo ni wọn bi Mahatma Ghandi si?,Porbandar.
Ẹgbẹ wo lo gba ipo kini ni NFL (National Football League) ni ọdun 2013 ?,Seattle seahawks.
Tani o tumọ orin orilẹ-ede Naijiria si ede Yoruba?,Adébáyọ̀ fálétí.
Saa melo ni Angela Mikel fi tukọ orilẹ-ede Germany?,Ẹ̀̀mẹẹ̀rin.
ṣe ile orile ede Kòlómbìà lati bi usain bolt?,No.
ṣe gbogbo ododo lili lo funfun?,Rara.
Ni ọdun wo ni Muyiwa Ademola bẹrẹ I ni ṣe ere sinima?,Ọdun 1991.
ẹbun melo la fun Jẹsu Kristi ni ọjọ ta bi?,Mẹta.
N jẹ ejo Mamba ni majele ninu rẹ?,Bẹẹni.
tani gbajumọ agba bọọlu akọkọ ti Naijiria to gba bọọlu fun Arsenal FC?,Nwankwo kanu.
Tani o bẹrẹ ẹgbẹ Boko haram?,Mohammed yusuf.
Ni gbawo ni Shola Allyson bẹrẹ si ni kọrin?,Opin 1980.
Awo orin melo ni Yemi Alade ti gbe jade?,Márùn-ún.
Nigba wo ni south Korea ati North Korea pinya?,[].
orilẹ ede wo lati bi olorin emi Ebenezer Obey?,Naijiria.
Tani ẹni to kere ju lọjọ ori to ti jẹ oga olopa orilẹ-ede Naijiria?,Sunday adédayọ̀ adéwùsì.
Ọdun wo ni a da ẹgbe All Progressives Congress silẹ?,Ọdun 2013.
ṣe orilẹ ede Uganda fi egbe ti orile ede Rwanda?,Yes.
Ọjọ wo ni Marvin Williams fẹyinti gẹgẹ bi agbabọọlu alapẹrẹ ara Amẹrica,2015.
Iyawo meloo ni Aarẹ Muhammadu Buhari fẹ?,Mẹji.
Ipinlẹ melo ni Japan ni?,47.
Igba wo ni Miss Sahara fi orilẹ-ede Naijiria silẹ lati lo orilẹ-ede United Kingdom?,2004.
Ilu wo ni olu ile-iṣe ifowopamọ Yuroopu wa?,"Frankfurt, germany."
N jẹ Patois ni ede oṣiṣe orilẹ-ede Jamaica?,Rara.
Ta ni o ni owo ju ni agbaye ni ọdun 2021?,Jeff bezos.
Ọdun wo ni wọn da ile ẹkọ giga yunifasiti ipinlẹ Ekiti ?,1982.
ṣe Japan wa lara united nations?,Yes.
Nigba wo ni wọn da UN silẹ ?,"Ọjọ kẹrinlelogun oṣu kẹwa, ọdun 1945."
ṣe 1999 ni orile ede Cameroon gba ominira,No.
Ọmọ ilu wo ni Chioma Omeruah?,Abia.
Kọntinẹnti wo ni ilẹ Panama wa?,Aaringbungbun amẹrika ati guusu amẹrika.
ọmọdun melo ni o leto lati bẹẹrẹ facebook?,Mẹtala (13) ati awọn to ju be lọ.
Ni ọdun wo ni Khartoum di olu-ilu Sudan?,Ọdun 1956.
"Yatọ si aṣọ to jẹ, n jẹ Kente tun jẹ ẹya l'orilẹ-ede Ghana?",Rara.
Ede wo ni wọn fi kọkọ kọ orin Despacito ?,Spanish.
Odo wo lo tobi julo ni Orilẹ-ede India?,Ganga.
ilé-ẹ̀kọ́ giga wo ni George Bush lo?,Fasiti yale.
se alagba T.D. jakes wa lati Áfríkà?,No.
Ipo tuntun wo ni Bola Ige sẹsẹ ni nigati ijamba iku rẹ sẹlẹ?,[].
ọdun wo ni Nuhu Aliyu beere ise alagba aṣofin ?,1999.
kilorukọ ilé-ẹ̀kọ́ giga ti ijoba ipinle to wa ni ilu Ogbomosho?,Fasiti imọ erọ ladoke akintola.
Ki lo pa Ayinla ọmọwura?,Èṣe orí.
Ibo ni ibujoko ile-iṣẹ microsoft ni Amerika?,Redmond.
Ọdun wo ni a bi Dangote?,Ọdun 1957.
Ida melo ninu ọgọrun ni ibo ti o gbe Nguyễn Minh Triết wọle gẹgẹ bi aarẹ orilẹ-ede Vietnam?,Ìdá 86.87.
ṣe ale ba awọn eniyan to jinna sọọrọ lori internet?,Yes.
Ọdun wo olorin Burna boy kọkọ gbe igba oroke Grammy awards ?,2021.
Kinni oluilu Vẹnẹsuẹla?,Caracas.
Ta ni ẹni akọkọ ti o gba ami ẹyẹ Nobel ninu Kẹmisitiri?,Jacobus henricus van 't hoff.
Lati yunifasiti wo ni onkọwe Wọle Soyinka ti kọkọ ṣetan?,University college ibadan.
ibo ni ibùjóòkó ile iṣẹ Huawei?,"Shenzhen, guangdong, china."
Iyawo meloo ni anabi Muhammad fẹ nigba aye rẹ?,Mẹsan.
N jẹ Queen Elizabeth II lọ si ile-ẹkọ giga?,Rara.
Ọmọ orilẹ ede wo ni Nnamdi Azikwe?,Nigeria (naijiria).
Adugbo wo ni ọgba NPA (Nigerian Ports Authority) ni ipinlẹ eko ?,Apapa.
Ta ni oludari kikọ ebute ọkọ agbami Tema ni 1962?,Theodore s. clerk.
Igba wo ni Ladi Kwali dara pọ mo ile-isẹ amọ ikọkọ ti Naijiria ti o wa ni Abuja?,1954.
Ẹgbẹ bọọlu afẹsẹgba wo ni Alex Iwobi sisẹ pelu lọdun 2019?,Everton.
Ọdun wo ni a bi Stella Damascus?,Ọdun 1978.
Ọjọ melo ni awọn musulumi fi maa n gbawẹ Ramadan ?,Mọkandinlọgbọn si ọgbọn.
Awo orin melo ni Sikiru Ayinde Barrister gbe jade?,Ó lé ní 70.
Ọdun wo ni a bi Norodom Sihamoni?,Ọdun 1953.
Nigbawo ni a da orilẹ ede Canada silẹ?,1867.
Ki lo fa ti Tanzan Ishibashi se fi ipo Alákòóso Àgbà orilẹ-ede Japan silẹ?,Àìsàn.
Ki ni orukọ ilu eto ọrọ ajẹ to dara julọ ni orilẹ ede Algeria?,Oran.
Ọmọọdun meloo ni Marilyn Monroe nigba to ku?,Ẹẹrin din logoji.
Ọdun melo ni Nelson Mandela lo ni ewon?,Ọdún 27.
"Igba wo ni wan yan Dora Akunyili gẹgẹ bi oludari agba Ajọ to n gbogun ti aṣilo oogun ati ounjẹ lorilẹede Naijiria, NAFDAC?",2001.
ki lorukọ ìdánwò ti igbimo west africa  examination council ma n seto?,Waec.
Kinni orukọ iya to bi oṣere Tyler Perry?,Willie maxine perry.
Ọmọ melo ni Usman Dan Fodio bi nigbati o wa laye ?,[].
ọjọ́ woni aya ọbabinrin Elizabeth gun ori oye united kingdom?,1936.
N jẹ Austria jẹ ipinlẹ ninu Australia?,Rara.
Papa ọkọ ofurufu meloo lo wa ni Cameroon?,Ẹẹtala.
Ipinlẹ wo ni igbo Sambisa wa ni Orile ̣ede Naijiria?,Borno.
wakati melo ni o fi maa gba bọ́ọ̀lù àfẹsẹ̀gbá?,Iṣẹju adọrun (90) tabi ju bẹ lọ.
Orilẹ ede melo ni ọmọ orilẹ ede Naijiria le rin irin ajo lọ laini gba iwe irinna?,Aarundinlaadọta.
Isẹ wo ni isẹ aarọ Tony Anenih ki to darapọ mọ oselu?,Kọmíṣọ́nà ọlọ́pàá.
Ipinlẹ Naijiria wo ni Lere Paimọ ti wa?,Ipinlẹ ọyọ.
Orin wo ni Wizkid ati Drake jọ kọ?,Come closer.
Ọdun wo ni ogun agbaye ikinni pari?,Ọdun 1918.
Kinni ede oṣiṣe orilẹ-ede Hungary?,Hungarian.
tani oga patapata ti Achievers yunifasiti ni Nigeria?,Hon (dr.) bode ayorinde.
Ọdun wo ni Sanwo Olu jẹ gomina ilu Eko?,Ọdun 2019.
Ọmọ ilu wo ni Baba Suwe?,Ikorodu.
ṣe aare Barack Obama bi ọmọkunrin?,No.
Kini owo oṣiṣẹ ni orile-ede Portugal ?,Euro.
Osu wo ni wọn ma n se ọdun Osun-Osogbo?,Ògún.
N jẹ olorin ọmọ orilẹ-ede Naijiria Fẹmi Kuti lo s'ile-iwe ni United Kingdom?,Rara.
Ọdun wo ni a bi Riliwan Akiolu?,Ọdun 1943.
Ki ni iwọn bi Mt. Everest ṣe fẹ to?,"Mita 8,848.86 ."
Ọdun wo ni a sọ Femi Falana di amofin agba?,Ọdun 2012.
Ẹgbẹ oṣelu wo ni o se iṣakoso Ikọle ekiti ni ọdun 2019 ?,Apc.
Ọjo melo ni Fisayo Soyombo lo ninu ewon Ikọyi nigbati o n se se iwadi?,Ọjọ́ márùn-ún.
Tani Alakoso Agba orile-ede Kanada lowo lowo?,Justin trudeau.
Kini orukọ owo ti wọn n naa ni orilẹ-ede China?,Yuan.
Ara ẹgbẹ akọrin westlife wo loku ni ọdun 2009 ?,"Gately ku ni ile rẹ ni port d'andratx, mallorca, ni kutukutu ọjọ 10 oṣu kẹwa ọdun 2009."
Ta lo jẹ Igbakeji Aare JF Kennedy ?,Lyndon b. johnson.
ọdun wo lada ọọkọfurufu emiratu silẹ?,1903.
iIu jerusalẹm wa ni orile ede wo?,Israẹli.
Nkan alumoni wo lo po julọ ni Russia?,Eepo rọ̀bì àti gáàsì.
Ilu wo ni ile Gẹẹsi ni a bi Frederick Sanger si?,Gloucestershire.
Awọn ọmọ Sunday Igboho melo ni agbabọlu ni orilẹ-ede Germany?,Mẹ́ta.
Ile iṣẹ wo ni odari ere Xmen ?,Marvel comics.
Ilu wo ni won koko le Sanusi Lamido Sanusi lọ nigbati wọn rọ loye ti won si ran ni igbekun?,Azare.
Awọn ọlọgbọn melo lomu ebun wa fun Jesu Kristi lọjọ ti abi?,Mẹta.
ṣe Nàìjíríà wa lara orílẹ̀-èdè to wa ni ìwọ oòrùn africa?,Yes.
Kinni orukọ eni to ṣẹda ohun elo orin Clarinet?,Johann christoph denner.
Kọntinẹẹti wo ni Peru wa?,Apa guusu amẹrika.
Ki ni orukọ olu-ilu Ipinlẹ Virginia?,Richmond.
Ọjọ wo ni orilẹ-ede Ghana gba ominira?,Ọjọ kẹfa oṣu kẹta ọdun 1957.
Ki l'orukọ omo akọkọ ti ọmọọba Harry ati Meghan Markle?,Archie mountbatten-windsor.
ọdun wo ni a da ipinlẹ Rivers silẹ?,Ọdun 1967.
Ni odun wo ni a da ilu Virginia silẹ?,Ọdun 1776.
"Odun wo ni Gbenga Adeboye Abefe, osere tiata, faye silẹ?",2003.
aye ijokoo meloo ni o wa ni papa Peter Mokaba?,"45,500."
Ibo ni Dangote kọ refinery sugar ni ipinlẹ eko ?,Ebute ti apapa.
Ijọba ibilẹ meloo ni o wa ni Rẹmọ?,Mẹtalelọgbọn.
Kinni orukọ sayensi n kan ninu ata to maa n jẹ ko ta?,Capsaicin.
Iku wo lo pa Abacha ni Naijiria?,Ida duro ọkan.
Ọmọ ipinlẹ wo ni Stella Damascus n ṣe?,Edo (ẹdo).
Toonu cashu melo ni wọn gbejade lagbaye lọdun 2019?,"3,960,680."
Ọmọ ọdun melo ni Maryam Abacha nigbati Sani abacha ku ?,Ọmọbinrin mẹta ati ọmọkunrin meje.
Ami ẹyẹ goolu Olympic melo ni Usain Bolt ni lapapo?,Mẹ́jọ.
Ọdun wo ni Orlando Owoh bẹrẹ si n kọrin ?,1958.
doro wat jẹ ounjẹ  awọn ara a bo ?,Ilẹ eritrea ati ilẹ ethiopia.
Ọdun wo ni opagun kariaye ti Computer Graphics Metafile kọkọ jade?,1986.
Ta ni ẹni akọkọ ti o jẹ ọba ilu Eko?,Aṣipa.
Kọọtiinẹẹti wo ni Senegal wa?,Africa (ilẹ adulawo).
Tani iyawo ẹni to je aarẹ orilẹ-ede Kanada l'ọdun 2021?,Sophie grégoire trudeau.
"Igba wo ni Elisabeti Keji, ayaba ilu Briteni de oriitẹ?",02-jun-53.
Ki ni orukọ Aarẹ orilẹ ede Brazil?,Jair bolsonaro.
Se Mississippi ṣi ni odo ti o ṣi gun julọ lagbaaye?,Rara.
Ile-iṣẹ wo lo ṣe ajesara Covid-19 Astrazeneca?,Astrazeneca plc.
Kini orukọ olu ilu Peru?,Lima.
Orilẹ-ede meloo lo wa ninu Latin Amẹrika?,Ookan lelogun.
Iṣẹ wo ni Flora Shaw nṣe nigbati o sọ Naijiria lorukọ,Onirohin ati alakọwe.
Ki ni orukọ Ọba ilu Ọwọ?,Ajibade gbadegesin ogunoye iii.
ṣe ijo Kátólìkì je ijo onigbabo?,Yes.
orilẹ ede wo ni Wole Soyinka ti wa?,Naijiria.
Ẹya wo lo dagba julọ ni ilẹ Adulawo?,Hunter-gatherer san.
Ipinlẹ wo ni ilu Okitipupa wa l'orilẹ-ede Naijiria?,Ipinlẹ ondo.
Njẹ Robert Adam ni iyawo bi?,Bẹẹni.
Tani aare ti o tele Nelson Mandela ?,Jacob zuma.
Orilẹ-ede meloo lo wa ninu Soviet Union?,Marundilogun.
Nigba wo ni ijọba oloselu bẹrẹ ni ilẹ Amerika?,Bii ọdun 1630.
Awọn ara ibo lo maa n jẹ ounjẹ biltong ati Droewors,Ara ilẹ ila gusu ni afirika.
Kini orukọ ẹgbẹ orin ti Seun Kuti?,Sean kuti & egypt 80.
Unifasiiti wo lo dagba ju lọ ni gbogbo agbaye?,Yunifasiti ti bologna nilu itali.
Ọna ijoba apapọ meloo lo wa l'orilẹ-ede Naijiria?,Ipin ẹẹtadilogun.
Ere wo l'akọkọ ti oṣere Lilian Esoro se?,Extended family.
Ọmọ ilu wo ni Carl Bosch?,Cologne.
Nigba wo ni Sola Allyson kọkọ gbe orin jade?,2003.
awọn ọmọ-ẹhin melo ni Jesu Kristi koko ni?,Mejila.
Ta ni gomina akọkọ ni aye ijọba alagbada ni ipinlẹ Rivers?,Melford okilo.
ṣe Tess Onwueme lọsi ile-iwe giga?,Yes.
Kinni orukọ baba to bi Chukwuemeka Odumegwu-Ojukwu?,Sir louis phillip odumegwu ojukwu.
Ile-iwe ekọ giga wo ni Ọgbeni Bill Gates lọ?,Harvard college.
odun wo la da university of ibadan silẹ?,1948.
Iṣẹ  wo la mọ awọn ara ilajẹ si ?,Ipẹja.
Awọn ara ibo lo maa n wọ asọ oke ?,Yoruba.
Ilu wo ni olu ile iṣẹ Statens Serum Insitute wa?,Denmark (dẹnmarki).
Ilu wo ni Ile-ikawe Aarẹ Obasanjo wa?,"Oke mosan abeokuta, ìpínlẹ̀ ogun ní nàìjíríà."
Ọdun wo ni wọn bi Norma Shearer?,Ọdun 1902.
Ki ni orukọ alubọọmu ti Burnaboy gbejade ni ọdun 2020 ?,Twice as tall.
"Ọdun wo ni wọn ti kọkọ ṣe ere ""Living in Bondage""?",1992.
Ipinlẹ wo ni ilu Oloibiri wa ni ilẹ Naijiria ?,Ilẹ bayelsa.
Orin wo ni Rotimi Amaechi ati aya rẹ kọ?,Blessed the people the lord has chosen as his heritage.
Tani o n soju Oklahoma City ni ile igbimọ asofin orilẹ-ede America?,James inhofe.
Ilu wo ni awọn eniyan Mambila ti Kamurun ti jade?,Nàìjíríà.
Ilu wo ni o wa ni ibode Kamẹruunu si apa ila oorun?,Central african rebuplic (orilẹ-ede olominira aarin gbungbun afrika).
ṣe aare Barack Obama kawe nile Afrika?,No.
Ilu wo l'orilẹ-ede Naijiria ni Ken Saro-Wiwa ti wa?,Rivers.
tani alámòójútó eto eko ni orile ede Naijiria?,Adamu adamu.
Ọdun wo ni a bi Mohamed Ben Ahmed Abdelghani?,Ọdun 1927.
Ta lọ kọ national anthem orilẹ ede Spain ?,Manuel de espinosa de los monteros.
Ẹgbẹ oṣelu wo ni Aarẹ South Korea t'ọdun 2020 ti wa?,Ẹgbẹ democratic party of korea (dpk).
Ọjọ wo ni apartheid l'orilẹ-ede South Africa pari?,Ọjọ kẹẹta din logun oṣu kẹfa ọdun 1991.
Odun wo ni Tansania gba ominira?,Ọdun 1961.
Ki ni orukọ Meyọ ilu London?,Sadiq aman khan.
Fun igba meloo ni Leonardo da Vinci ṣe iṣẹ aworan Monalisa?,Laarin ọdun 1503 si ọdun 1506.
N jẹ epo robi n bẹ pupọ n'ilẹ Orilẹ-ede singapore?,Rara.
Ofin wo ni Daniel Bernoulli lo lati fi gbe ofin ti wọn pe ni Boyle's law kale?,[].
Tani o se wadi ede Python ti a ma n fi ba komputa ṣọrọ?,Guido van rossum.
ipinlẹ melo lo wa ni South Áfríkà ?,Mẹsan.
Ile-iwe giga wo ni aseoro-okowo Edward C. Prescott ti ṣe Phd akọkọ rẹ?,Carnegie mellon university.
"Laarin awọn oṣere ti Naijiria, kinni itumọ Kannywood?",Ile isẹ fiimu ti ariwa naijria le ede hausa.
Tani o dari ẹya Igbo ni igba ogun abẹle sẹlẹ ni orilẹ-ede Naijiria?,Lt. colonel odumegwu ojukwu.
Ibo ni wọn ti da ẹgbẹ olorin Styl-Plus sile?,2003.
ṣe Olumo rock jẹ nkan ti awọn eniyan fẹ ri ni Naijiria?,Bẹẹni.
"Ipa wo ni Zainab Jah ko ninu saa keji fiimu ""Deep State""?",Mínísítà agbógun ti ìwà ìbàjẹ́.
Ilu melooo lo wa ni orilẹ ede Naijiria?,36.
Kini orukọ abisọ Pope Francis?,Jorge mario bergoglio.
ọjọ wo ni ọkọ oju omi Titanic parun?,"Ọjọ 15, oṣu igbe, ọdun 1912."
ṣe ale ka fisiksi mo ara awon ise sayensi?,Yes.
Ni ọdun wo ni a da ile-ẹkọ Rufus Giwa Polytechnic silẹ?,Ọdun 1979.
Ọdun wo ni a bi Amitabh Bachchan?,Ọdun 1942.
Ki ni orukọ olu ilu Kansas?,Topeka.
Tani oludasilẹ Facebook?,Mark zuckerberg.
Kini orukọ ọkọ Agbani Darego?,Ishaya danjuma.
Ilu wo ni orilẹ-ede Amerika ni awọn ebi ọmọyele Sowore n gbe?,"Haworth, new jersey."
Kini iye awọn olugbe Tenerife?,"966,354."
Ki l'orukọ ọmọ akọkọ Oranmiyan?,Eweka.
Ile-ẹko giga wo ni Afeez Oyetoro ti jẹ olukọ?,Adeniran ogunsanya college of education.
Ilu wo ni Rẹmọ wa?,Ogun.
Ọdun wo ni Saint Valentine jade laye?,Oókànlá dín ní ọ́rin-lé-nígba.
Tani o fi Aarẹ Afẹ Babalola jẹ alaga kansu ti Yunifasiti ilu Eko?,Olóyè olúṣẹ́gun ọbásanjọ́.
Kinni n kan to bẹrẹ ogun Korea l'ọdun 1950?,Ifigagbaga leti bọda pẹlu iṣọte ni south korea.
Klọọbu agbabọọlu wo ni Joseph Yobo ṣiṣẹ pẹlu ni 2020?,Super eagles.
Ọdun wo ni a da ilu Eko silẹ?,1967.
ṣe Chinyere Yvonne Okoro ti gba ami ẹyẹ oṣere to dara ju lọ ri?,Yes.
N jẹ oriṣa Buddha jẹ ọkunrin tabi obinrin?,Obinrin.
Eniyan melooo lo n gbe Brazil?,Miliọnu 211.
Ọdun wo  ni wọn Folorunso Alakija?,15 agẹmọ 1951.
Ẹgbẹ wo ni Atiku Abubakar fi dupo aarẹ 2019?,People's democratic party.
ẹgbẹ wo ni Tahirou Congacou wa nigba ti oje aare ilẹ Benin?,Parti democratique dahomeen.
"Ta lẹni to kọ orin awọn ọmọde ""Mary Had a Little Lamb""?",Sarah josepha hale.
Ki ni deeti ti wọn da NITEL silẹ ni Naijiria ?,1985.
iru èdè wo ni wọn so pataki julo ni ile Rwanda?,Kinyarwanda.
Ọdun wo ni ọmọba Bola Ajibola ṣiṣẹ gege bi adajọ ileejọ agbaye?,1991 sí 1994.
Ile-isẹ wo ni Babatunde Raji Fashola ti bẹrẹ isẹ agbejọro?,Ilé ẹjọ́ tó ga jùlọ lórílẹ̀-ède nàìjíríà.
ṣe ajàfẹ́tọ̀ọ́ ọmọ ènìyan ni Nelson Mandela kio to di olóògbé?,Yes.
Kassym-Jomart Kemelevich Tokayev jẹ aarẹ orile-ede Kazakhstan lati ọdun wo si ọdun wo ?,2019.
Ede wo ni 'Hakuna Matata'?,Swahili.
Ki l'orukọ gẹẹsi fun ọmọ ẹranko Porcupine?,Porcupette.
Ki ni orukọ ọkọ ọbabirin Elisabeti keji ?,Philip mountbatten.
ṣe Istanbul ni olu ipinle Turki ?,No.
Ibo ni orisun odo Benue?,Adamawa plateau of northern cameroon.
Ọmọ olu ilu wo ni Ram Narayan n ṣe?,India.
Awọn ilu wo ni o tun wa ni gusu Gauteng ni South Africa yatọ si Midrand?,Pretoria.
ṣe orilẹ-ede Naijiria wa ni Afirika?,Yes.
Orilẹ-ede wo ni awọn Nazi ti wa?,German.
ọdun wo ni orílẹ̀-èdè Gámbíà gba ominira?,1965.
ọgba ẹranko (zoo) wo lo tobi julọ ni Guateng ?,Ọgba ẹranko igbẹ ti johannesburg.
Ijọba ibilẹ meloo lo wa ni orilẹ ede Naijiria?,774.
ṣe Chicago ni oluilu ti orilẹ ede Amerika?,No.
ọdun wo ni Ambode Akinwunmi jẹ gomina ilu Eko ni orilẹ-ede Naijiria?,2015.
Ipinlẹ melo ni wọn ti n lo ofin Sharia ni orilẹ-ede Naijiria?,Méjìlá.
Ilu meloo ni o wa ni orilẹ ede Jemani?,Mẹrindinlogun.
ipinlẹ melo lowa ninu orile-ede Kanada,Mẹwa.
Ile iwe giga wo ni Nnamdi Azikwe ti kawe gboye?,Ile iwe giga lincoln.
awọ melo lowa lara asia ti Naijiria?,Asia naa ni ila inaro meta.
Aare orile ede Naijiria wo ni o paari Third Mainland bridge ni ọdun 1990 ?,Ibrahim babangida.
Ọjọ melooo lo wa ninu kalenda Gregory?,365.2425.
Tani wọn fi Bernoulli beam sọ ri?,Jacob bernoulli.
Iwe wo ni onkọwe Christopher Abani kọkọ gbe jade?,Masters of the board.
Orilẹ ede melo ni o wa ni Afirika?,Mẹrinleladọọta.
ṣe apata wani ilaorun Vancouver?,Yes.
Ife ẹyẹ melo ni Lionel Messi ti gba titi di ọdun 2021?,Seven ballon d'or awards.
ṣe ilu Amẹ́ríkà lati bi alagba Billy Graham?,Yes.
Orilẹ ede wo ni wọn ti gba AFCON 2022 ?,Cameroon.
Ninu oṣu wo ni iji lile Dorian kọlu Florida ni ọdun 2019 ?,Owewe.
Kini awọ igi timba Sapẹlẹ ?,Awọ pinkii si burahun ati wura si pupa.
ọdun wo ni Harry Markowitz gba Ebun Nobel ninu ọ̀rọ̀-òkòwò.,1990.
Ilu wo ni wọn ti da ẹgbẹ akoroyin ti Nigeria (NUJ) sile ?,Èkó.
ṣe mathematiiki jẹ ẹko sayẹnsi?,Yes.
Iye ina wo ni ileese Mambilla Hydroelectric le pese?,"3,050."
Nibo ni won ti koko se afihan fiimu Wedding party?,Toronto international film festival.
àgbègbè wo ni ilu portugal la ti bi agba bọọlu christiano ronaldo,Agbegbe pedro ti ilu funchal.
Oloṣelu party wo ni Donald Trump lọdun 2019 ?,Republican.
ilu wo ni Josefu ninu bibeli ti sise ẹru?,Ijipti.
ṣe aare akọọkọ ti orilede Tanzania si wa laye ?,No.
Ọdun wo ni a dibo yan Clever Ikisikpo si ile igbimọ aṣofin agba?,Ọdun 2011.
Irufe aisan wo ni Umaru Musa Yar'Adua lọ gba itọju fun ni orilẹ-ede Saudi Arabia?,Pẹrikadítíìsì.
ile iwe giga wo ni Benjamin Jeremy lọ?,Fasiti columbia.
yunifasiti wo ni Pasitọ Enoch Adeboye ti jade digiri akọkọ?,Fasiti obafemi awolowo.
Ta l'ẹni to da ere fidio 'Mario' silẹ?,Shigeru miyamoto.
Ọmọ ẹgbẹ meloo ni o wa ni ile alagba aṣofin ni Naijiria?,109.
Ọdun wo ni wọn ṣe afihan Naira ni orile-ede Naijiria ?,1973.
ọdun wo ni ọga patapata Jack ti Twitter fi ise sile ?,2021.
Ọmọ ipinlẹ wo ni Thelma Okoduwa Ojiji?,Ẹdo.
Tani o kọkọ ko arun Ẹbola wọ orilẹ-ede Naijiria?,Patrick sawyer.
tani igba keji aare Muhammadu Buhari ni orilẹ-ede Naijiria?,Yemi osinbajo.
Ọdun melo ni awọn ara ilu Britain fi jọba lori awọn ara India ?,1858 si 1947.
Ki l'orukọ iya to bi olorin Michael Jackson l'ọmọ?,Katherine esther jackson.
Apa wo ni Santorini wa ni orile-ede Griisi ?,Ila ariwa ni ilẹ crete.
Ta l'ẹni to da Creative Commons silẹ?,"Lawrence lessig, hal abelson, ati eric eldred."
Tani olugbere-jade ere 'Sarafina!' to won ṣe l'ọdun 1992?,Anant singh.
Awọn ẹgbẹ agbabọlu wo ni Thierry Henry gba bọọlu fun ko to fẹyin ti?,Arsenal.
ṣe Rivers State Univerisity wa ni ipinlẹ Plateau?,No.
Kọntinẹẹti wo ni ilu Turkey wa?,Guusu ila oorun yuuropu ati eṣia.
ṣe ede Faranse wa ninu ede ti orilede Benin Republic nsọ?,Yes.
Igba melo ni Femi Fani-Kayode ti se igbeyawo?,Ẹ̀mẹẹ̀rin.
Olu ilu wo ni a bi Alàgbà Francis Akanu Ibiam si?,Ebonyi (ẹbọnyi).
ẹgbẹ oselu wo ni Anthony Olufunsho Williams ti bẹrẹ oselu ni sise?,United nigeria congress party.
se olori Elizabeth ni olori ti ilu Amerika?,No.
ṣe orilẹ ede ni Casablanca?,No.
Ta ni eni akọkọ ni orilẹ ede Naijiria ti a fun ni ami ẹyẹ SAN?,Chief f.r.a. williams ati dr nabo graham-douglas.
Ilu wo ni wọn  ti bi olorin Davido ?,Orilẹ-ede amerika.
Ọdun wo ni Rilwan Akiolu jẹ Ọba ni ilu Eko?,Ọdun 2003.
talo da kọmputa chip sile?,Robert noyce.
Ta ni Aarẹ European Union l'ọdun 2021?,Ursula von der leyen.
Ibo ni wọn bi Apọsteli Luku si?,Antioch.
Ọdun wo ni a bi Akin Euba?,Ọdun 1935.
ṣe Algeria wa lara awọn orilẹ ede to wa labe Afrika,Yes.
Ki ni oruko Gomina akọkọ ni ilu New York?,George clinton.
Ta ni Gomina Sokoto ni ọdun 1999?,Attahiru bafarawa.
ṣe harry markowitz lọsi ile iwe giga harvard?,No.
Ni oọdun wo ni Pope Celestine III di Pope?,Ọdun 1191.
Oke giga awọn Maya wo ni olokiki ju ni agbaye ?,Chichen itza.
Ilu wo ni o fun orilẹ ede South Africa ni ominira?,Ilẹ gẹẹsi.
ọmọ melo ni Gloria Bamiloye bi?,Mẹ́ta.
Ipo wo ni Amina Mohammed di mu ni ajọ isokan awọn orilẹ-ede?,Igbákejì akọ̀wẹ́-àgbà.
Oṣu wo ni awọn ara ilẹ igbo maa nṣe ayẹyẹ new yam festival ?,Ogun.
Se aare ilẹ igbimọ tele ri David Mark ti Naijiria was lati ipinlẹ Plateau?,No.
ilu wo ni orilede amerika ni Howard yunifásítì budo si>,"Washington, d.c."
"Kini orukọ isami Dejo Tunfulu, to je oṣere Yoruba?",Kunle adetokunbọ.
eyan melo lani ninu ẹgbe Agbábọ́ọ̀lù?,Mọkanla.
Kini ede oṣiṣẹ ni orile-ede Angola ?,Portuguese.
Ki ni olu ilu Chile?,Santiago.
Orile ede wo ni Gullfoss waterfall  wa ?,Iceland.
Ni odun wo ni a da ilu Delta silẹ?,Ọdun 1991.
Ẹgbẹ melo lo darapo di ẹgbẹ osisẹ orilẹ-ede Naijiria (NLC)?,Mẹ́rin.
Ki lo sokunfa iku Alex Badeh?,Èṣe ọta ìbọn.
Orilẹ-ede wo ni ileejo agbaye fikale sir?,"The hague, netherlands."
Tani Aarẹ Ile ifowopamọ  ilẹ Yuroopu?,Christine lagarde.
Ẹwọn ọdun meloo ni awọn gay l'orilẹ-ede Ghana ma ṣe?,Ọdun mẹta.
Nigbawo ni iselẹ ọsan di oru kọkọ ṣẹlẹ lagbaaye?,1947.
Ilu wo l'ode oni ni Babylon aye atijọ wa?,"Hillah, babil governorate, iraq."
Iye eniyan melo ni Obafemi Awolowo Stadium gba?,"25,000."
Ọjọ melo ni awọn ọmọ ọṣun fi n ṣe ayẹyẹ Oṣun Oṣogbo ?,Ọsẹ meji.
Iye eniyan melo lo n gbe Los Angeles?,"3,898,747."
tani ọga patapata ile ise Facebook in 2022?,Mark elliot zuckerberg.
Eso igi wo la fi n ṣe epo pupa ?,Eso igi ọpẹ.
Ta ni igbakeji Sanwo Olu nigba to jẹ gomina ilu Eko?,Fẹmi hamzat.
Kini akori oye ti Aare orilẹ-ede Faranse fi da Mike Adenuga lọla ni ọdun 2018?,[].
Kọntinẹẹti wo ni Fransi wa?,Iwọ oorun yuroopu ati awọn ilẹ okeokun ti amẹrika.
Ta ni o fopin si pipa awọn ọmọ ibeji ni ilu Calabar ?,Mary mitchell slessor.
Ipinlẹ wo ni wọn ti kọ ile iwe giga Convenant yunifasiti si?,Ogun.
Yunifasiti wo ni wọn kọkọ da silẹ ni ilu Amẹrika?,University of santo tomas.
Ẹran wo ni ngbẹru ni Nigeria ni aye atijọ?,Rakunmi.
Ibo ni olu ilu Australia?,Canberra.
"Iṣẹlẹ wo ni iwe Chimamanda Adichie ti akori rẹ jẹ ""Half of a Yellow Sun"" da le lori?",Ogun abẹ́lé nàìjíríà.
Ẹgbẹ oṣelu wo ni Adebayọ Alao-Akala wa nigba to jẹ Gomina Ipinlẹ Ọyọ l'orilẹ-ede Naijiria?,Ẹgbẹ people's democratic party (pdp).
Ta lo ṣe 'Scar' ninu ere 'The Lion King' t'ọdun 2019?,Chiwetel ejiofor.
Igi wo lo n so irugbin ti wọn lo fun obẹ Ogbono?,Irvingia.
Ki ni orukọ iyawo akọkọ oṣere Will Smith ?,Sheree zampino.
Ipin meloo lo wa ni iwe Luku ni Bibeeli?,Ẹẹrinlelogun.
Igba melo ni Rashi Yekini ju si awọn fun orilẹ-ede Naijiria?,37.
Ilu wo l'orilẹ-ede Naijiria ni olorin Fẹla Kuti ti wa?,Abẹokuta.
Ta ni gomina ipinlẹ Benue l'ọdun 2002?,George akume.
N jẹ ilu Sẹmẹ wa l'orilẹ-ede Benin republic tabi Naijiria?,Nigeria.
Ki ni orukọ baba Mahalia Jackson?,Johnny jackson.
"Ta lo da aworan ẹfẹ 'Ed, Edd n Eddy' silẹ?",Danny antonucci.
Ta lẹ ni ti o bori idibo gomina ni ipinlẹ Taraba ni ọdun 2011 ?,Danbaba suntai.
Se ilẹ Amẹrika na ma nlo ijọba ibilẹ ninu oselu wọn?,Bẹẹni.
Kini orukọ owonina ti Indonesia?,Rupiah.
ilu wo ni Arsenal FC budo si,London.
Ta ni olori akọkọ ẹgbẹ Taliban to wa l'orilẹ-ede Afghanistan?,Mohammed omar mujahid.
ṣe ilu Kòlómbìà lati bi Agba-boolu Samuel etoo?,No.
Tani igba keji Aare ile Kòlómbìà lowolowo?,Marta lucía ramírez.
Ta ni Plato n ṣe?,Onimọ ọgbọn ori giriiki ti wọn bi si ilu atẹni nigba aye kilasika ni giriisi atijọ.
Ọdun wo ni wọn da Air peace sile?,2013.
ki lorukọ ẹni to da ebun Nobel sile?,Alfred nobel.
Kinni orukọ apetan ile-iṣẹ moto BMW?,Bayerische motoren werke ag.
tani popu alakooko ni ijo Kátólìkì?,Saint peter.
Kilọọbu agbábọ́ọ̀lù wo ni akọkọ to Reece James ṣiṣẹ pẹlu?,Chelsea.
Kini orukọ asọ ti awọn ara scotland ma n wọ?,Aṣọ highland.
Iru arun jẹjẹrẹ wo ni o se Steve Jobs?,Àrun jẹjẹrẹ inú ikùn.
kiloruko ọga ile ise fly Emirates?,The finest in the sky.
Ọmọọdun meloo ni Enoch ninu Bibeli jẹ nigbati Ọlọrun gbe lọ?,Ẹ́ẹdógún dín ní ọ́rin lélọ́ọ̀dúnrún.
Nootu orin meloo lo wa?,Mejila.
Ta lo da Big Bang Theory silẹ?,Georges lemaître.
tani minisita alámòójútó ile fun orile ede Naijiria?,Babatunde fashola.
"Ki ni orukọ akọbi ọmọ Dwayne Michael Carter, Jr?",Reginae.
Kinni itumọ orukọ Musulumi 'Musa'?,Speaker of god.
Tani baba Charly Boy?,Justice chukwudifu oputa.
Apa ibo ni Eko ni Badagry wa?,Guusu ila oorun.
Ọdun wo ni wọn bi oṣere Ọdunlade Adekọla?,Ọdun 1976.
Tani iyawo Benson Idahosa?,Margaret idahosa.
Se ilu Paraguay ni ati bi agbabọọlu Edinson Cavani?,No.
Ta ni olori ile-iṣẹ UN ni ọdun 2015?,Ban ki-moon.
Tani agbọrọsọ ni ile Asoju ti ilẹ naijiria lowolowo?,Femi gbajabiamila.
Apa wo ninu okun Inidian ni okun Arabia mbẹ ?,Ila ariwa.
Elo ni awọn ọrẹ Davido ko jọ fun nigbati o pe awọn re nija ni ọdun 2021?,Mílíọ́ọ̀nù 201 náírà.
Ipinle wo ni redeemers yunifasiti budo si ni orílẹ̀-èdè Nàìjíríà?,Ipinle ọsun.
Apa ibo ni ilẹ Irelandi wa lori mapu agbaaye?,Eroopu.
Ọmọ ilu wo ni Onidajọ Ibrahim Tanko Muhammad?,Ìpínlẹ̀ bauchi.
Ipinlẹ wo ni l'orilẹ-ede Naijiria ni oloṣelu Abikẹ Dabiri-Erewa ti wa?,Ipinlẹ eko.
ọdun wo laṣe idibo gomina ni ilu Anambra kẹyin?,2021.
Ta lo se asia orilẹ-ede Naijiria?,Michael táíwò akínkúnmi.
iru iṣẹ wo ni Dele Giwa ṣe?,Akọroyin.
kiloruko asiwaju osere nínú eré The Passion?,Jim caviezel.
Ilu wo ni ogagun Ibrahim Attahiru n lọ nigbati baalu rẹ ja?,Kaduna.
Ọdun wo ni wọn bi Michael Phelps ?,1985.
Ọmọ orilẹ ede wo ni Dangote n ṣe?,Nigeria (naijiria).
Ọdun wo ni Kamẹruunu gba ominira?,Ọdun 1960.
Tani aare akọkọ t'orilẹ-ede France?,Louis-napoléon bonaparte.
Ẹgbẹ wo ni Femi Falana ti dije fun ipo gomina ipinle Ekiti?,National conscience party.
Ki l'orukọ obinrin to ṣe Abẹni ninu fiimu 'Abẹni' ti Tunde Kẹlani jẹ olu gbere-jade rẹ?,Sola asedeko.
Ta ni oludasilẹ ile iṣẹ Space X ?,Elon musk.
Ọdun wo ni a da  ipinlẹ Ọyọ silẹ?,1976.
N jẹ Aarẹ Muhammadu Buhari ti lọ s'ẹwọn ri?,Bẹẹni.
Esin wo ni awọn olusin rẹ poju lagbaaye?,Kristiẹni.
N jẹ igi Bamboo maa n hu ni ilẹ Asia nikan?,Bẹẹni.
Ile-iwe alakọbẹrẹ wo ni Akinwumi Ambode lọ?,"St. jude's primary school, èbúté metta, ìpínlẹ̀ èkó."
N jẹ oriṣa Buddha jẹ eyan laye ri?,Bẹẹni.
Aisan ẹya ara wo le se Gbenga Adeboye?,Àìsàn ajẹmọ́ kídìnrín.
Ọjọ wo ni Fela Kuti jade laye?,2 ògún 1997.
Ilu wo ni a bi Ludwig Lazarus Zamenhof si?,Grodno.
Tani Aarẹ ẹgbẹ oṣiṣẹ lorilẹ-ede (NLC) Naijiria?,Ayuba philibus wabba.
Ọwọ olorin wo ni Deborah Oluwaseyi Joshua kọkọ bu ọwọ lu iwe pẹlu?,Ile igbawojade sony columbia.
Ilu wo ni ijo makossa ti wa ?,Cameroon.
ilu wo labi Robert Boyle si?,Lismore castle ni county waterford.
Ki l'orukọ apetan (real/full name) ti olorin Seyi Shay n jẹ?,Deborah oluwaseyi joshua.
Ta ni onimo sayensi ti oṣe awari vaccine Polio ?,Jonas edward salk.
Obasanjọ je aarẹ orilẹ ede Naijiria lati ọdun 2003 si ọdun wo ?,1999 si 2007.
Ki loruko eni toya asia ti Naijiria?,Michael taiwo akinkunmi.
Kọntineti wo ni ilu Pompei wa ko to palẹmọ?,Europe.
ile iṣe wo lo kọọkọ bẹẹrẹ iṣe Internet?,The advanced research projects agency (arpa).
Bawo ni Ogiame Atuwatse III se jẹ si Ogiame Ikenwoli I ?,Ọ́ńkù.
Kini akọri ami ẹyẹ ti awo Twice as Tall gba ni Grammy award?,Àwo orin tó dára jùlọ lágbàáyé.
Ẹgbẹ oselu wo ni Beatriz Gimeno Reinoso nṣe?,Podemosi.
ọdun wo laada yunifasiti ti British Columbia sile?,1908.
Tani iyawo Ọdunlade Adekọla?,Ruth adekola.
ọdun wo lada Yunifásítì Simon Fraser silẹ?,1965.
N jẹ ile-iṣẹ aago Swatch bẹẹrẹ lati Switsalandi?,Bẹẹni.
papa isere wo ni o tobijulo ni Paraguay?,"Asunción, paraguay."
Ọjọ wo l'oṣu ni Trinidad ati Tobago gba ominira?,Ọjọ kinilelọgbọn oṣu kẹjo.
Awọn oloye agba melo ni wọn wa ninu Olubadan in council?,Mọ́kànlá.
Igba wo ni Pete Edochie gba amin ẹyẹ Member of the Order of the Niger?,2003.
Oke wo lo gaju ni ilẹ Afrika?,Kilimanjaro.
Ọwọ orilẹ-ede wo ni Sierra Leone ti gba ominiria?,Ilẹ̀ gẹ̀ẹ́sì.
Ki lorukọ ọba ookanlelogun ilu Warri ?,Ogiame atuwatse iii.
Elo ni barẹli epo ti wọn reti pe ilẹ-ise ifọ epo Dangote yoo ma seto lojumọ?,"650,000."
ọdun wo ni Chinyere Yvonne Okoro bẹrẹ isẹ oṣere?,2002.
"Ta ni oludari fiimu ""Lionheart"" ti o jade lọdun 2018 ?",Genevieve nnaji.
ṣe eniyan alawo funfun nikan laleri ni orile ede Amerika?,No.
Odo wo lo tobi julọ l'orilẹ-ede Moroko?,Petronas towers.
Kinni itumọ fun DTS ninu mimọ Kọmputa?,Distributed temperature sensing systems.
ṣe won ma n sọ èdè Faranse ni Quebec?,Yes.
Ibo ni olu ilu Spein?,Madrid.
Ilu wo ni wọn ti bi Femi Kuti?,London.
Ta lẹni ti o ṣe alakọwe Harry Potter ?,J. k. rowling.
Ọdun wo ni a da ilu Bayelsa silẹ?,Ọdun 1996.
ilu wo ni Amerika lọ bi George bush si?,New haven.
Ọmọ melo ni 2Baba ni lapapọ?,Méje.
Kinni orukọ ọkọ to fẹ Shannon Matilda Wells Lucid?,Michael f. lucid.
N jẹ Freetown ni ilu ti tobi ju lọ l'orilẹ-ede Sierra-leone?,Bẹẹni.
Laaarin ọdun wo ni Aristotulu gbe ile aye?,Ọdún 384 sí ọdún 322 ṣáájú sànmánì tiwa.
ṣe agba bọọlu Maradona ti fẹyinti?,Yes.
Ki ni orukọ iwe ti Michelle Obama gbejade ni ọdun 2018 ?,Becoming.
Olu ilu wo ni a bi George Fitzgerald Smoot III si?,Florida.
Ta ni oṣere obinrin to ṣere apa 'Tokyo' ninu ere Spain 'La Casa De Papel'?,Úrsula corberó.
Ile-iwe wo ni Iyiola Omisore ti gba oye imọ ijinle Phd rẹ?,[].
tani igba keji adari igbimọ ijọba ni ipinle Anambra?,[].
ṣe agba tẹnisi Roger Federer ti feyinti?,[].
ọmọ ọdun melo ni Taye Ismaila Taiwo?,[].
Ọmọọdun meloo ni Sylvia Ray Rivera nigba to ku?,[].
Ta ni o jẹ Alake akọkọ ni ilu Ẹgba ?,[].
Ọmọ ọdun meloo ni Billy Ocean nigba ti o gba ẹbun Grammy?,[].
Ni ọdun wo ni Miles Dewey Davis III gbe awo orin akọkọ ti o ṣe jade?,[].
Deparment wo ni ọjọgbọn Wole Soyinka ti jade ni ile iwe giga ?,[].
kini iye metres ti ori oke everest fi ga?,[].
Bawo ni ilu Rẹmọ ṣe jin si Ilu Eko si?,[].
isinmi melo lowa ni oṣu November ni ile United Kingdom?,[].
Ta lo gba awọọdu ọmọọbinrin to rẹwa julọ ni gbogbo ilẹ Amẹrika l'ọdun 2020?,[].
Ta lo mu ẹsin imale (Islam) wa si ilẹ Afirika ?,[].
Ṣe obinrin ti jẹ aarẹ orilẹ ede Amẹrika tẹlẹ ri?,[].
se aleri ile ise KPMG ni orílẹ̀-èdè Naijiria?,[].
ile iwe giga wo ni G. O. Apata ti kọọkọ sisẹ?,[].
Ọmọ ọdun melo ni Yemi Osibanjo nigbati o bere ise gege bi oluko ni ile-eko giga?,[].
Ta l'ẹni to jẹ aare akọkọ fun ẹgbẹ National Association of Travel and Tourism Writers of Nigeria?,[].
Ta l'ẹni to kọkọ da ẹrọ fun Virtual Reality (Machine for Virtual Reality)?,[].
Ki ni iye iwọn agbegbe Badagry?,[].
ṣe omo bibi ilu romu ni alagba pope Francis ?,[].
N jẹ ile-iṣẹ kọmputa HP maa n ṣe aago ọgbọn (smart watches)?,[].
Ile iwe wo ni Chioma Omeruah lo fi kikọ iwe alakọọbẹrẹ?,[].
ẹbun melo ni Theodor H. E. Svedberg  gba ni kẹmistri?,[].
Ipinlẹ wo ni Naijiria ni ọkunrin oniṣowo Obi Cubana ti wa?,[].
Ilu wo ni Mt. Everest wa?,[].
se iye eniyan to wa ni Pakistan ni ọdun 2000 po ju ti iye eniyan towa ni india lo?,[].
Ọmọ ile Afirika wo ni Mahalia Jackson n ṣe?,[].
ṣẹ lilo moto ẹlẹsẹ mẹta (tricycle) bẹrẹ lati orilẹ-ede India?,[].
"Lẹhin ede okun ati ede Igbira, ede wo ni awọn ara Kogi ti ma sọ ju ?",[].
orílẹ̀-èdè melo lowa laarin Nàìjíríà ati Ghánà?,[].
"iyawo melo ni ọba Alaafin ti Oyo, Oba Lamidi Adeyemi  ni?",[].
Ipinlẹ meloo n'ilẹ Amẹrika pin alaa (border) pẹlu Mexico?,[].
Ta lẹni to sọ orilẹ-ede Iceland l'orukọ?,[].
Ọmọ ọdun melo ni Wikzid nigbati o bi akọbi re?,[].
Ki ni apapọ iye eniyan to wa ni ilu India?,[].
Ọdun wo ni wọn bi Bobbi Kristina Brown ?,[].
Awọn ilu o ni o yi orilẹ ede Spain ka?,[].
Ta ni o kọ ere oniṣe ti akọle rẹ n jẹ Mother of George?,[].
aburo ati egbọn melo ni josefu ọmọ Jakobu tinu bibeli ni?,[].
"Kini orukọ ona to n je ""Funsho William Avenue"" bayi tẹlẹ?",[].
tani ọba Sokoto ni orilede ọdun 1999?,[].
Ere agbelewo wo ni Thelma Okoduwa Ojiji kọkọ ṣe?,[].
Omi adagun ori apata melo lo wa ni agbaye?,[].
Se aarun HIV ni oogun?,[].
Ilé iwe wo ni Oloye Akinola Maja ti kẹkọọ gboye?,[].
ilu wo ni Aso rock wa ni Naijiria?,[].
Ọmọ ọdun meloo ni Deborah Oluwaseyi Joshua?,[].
Ile iwe wo ni Bettinah Tiana ti kawe gboye?,[].
Tani o kọkọ gba ami ẹyẹ Nobel ni Afrika?,[].
Ta lo jẹ olori awọn imam ni ilu Ibadan ni ọdun 2018 ?,[].
Eniyan meloo lo n gbe ipinlẹ Eko?,[].
ile iwe giga melo lani ni California?,[].
Ta ni aarẹ akọkọ ile-ifowopamọ agbaye?,[].
Kini orukọ osere Mr. Bean?,[].
Talo da MP3 silẹ?,[].
Àwọn ilu wo ni o wa ni ẹgbẹ Brazil?,[].
Ọdun wo ni a da ile isẹ Africa Magic silẹ?,[].
Ere wo ni akọkọ to oṣere Yoruba Adebayọ Salami darii rẹ?,[].
Nigbawo ni idije akọkọ obinrin ti o rẹwa julọ waye ni orilẹ ede Naijiria?,[].
isinmi melo lowa ninu oṣu November ni Amerika ?,[].
Njẹ awọn ara Ghana naa maa n mu koko ?,[].
Orilẹ ede melo ni o kopa ninu idije tennis agbaye ti o waye ni 2021?,[].
Ikọ agbabọọlu ti a kọ silẹ meloo lo wa ni Ghana?,[].
Ta ni ọmọ orilẹ-ede Naijiria to kọkọ rinlọfurufu?,[].
Orilẹ ede wo ni agba bọọlu tẹnis lọkunrin ti o peregede julọ lagbaye fun ọdun 2018 ti wa?,[].
ṣe ilu Niajiria ni Burna Boy ti wa?,[].
Unifasiiti meloo lo ti wa ni Switsalandi ni ọdun 2021?,[].
Nigba wo ni wọn da Ile Alagba Asofin Naijiria silẹ?,[].
Ọmọbinrin meloo ni Arnold Schwarzenegger ti bi?,[].
Ki ni apapọ iṣiro awọn ọdọ to wa ni ilẹ Afirika?,[].
Ki ni orukọ meyọ ilu Berlin ni ọdun 2022?,[].
Asia ilẹ wo ni Afrika lo sun mọ asia ti ilẹ Sudan?,[].
Ile ẹkọ giga wo ni Serena Williams ti jade ?,[].
Ki ni apapọ iṣiro eeyan ti o n gbe Ipinlẹ Imo?,[].
Ọdun wo ni awọn ijọ Anglican jade lara ijọ Roman Catholic?,[].
orílẹ̀-èdè wo ni akọrin Don Moen ti wa?,[].
Isẹ King Sunny Ade wo ni wọn kọkọ fa kalẹ fun ami ẹyẹ Grammy?,[].
Dokita wo lo kọkọ ṣe aṣeyọri lori iṣẹ abẹ oju?,[].
Ọdun wo ni wọn da ile ounjẹ Burger King silẹ ni orilẹ ede Naijiria ?,[].
ẹyẹ melo ni Kamaru Usman ti gba ninu ise Ajẹ̀ṣẹ́-gídígbò?,[].
"Ta ni o fagilee idibo ọjọ kejila, oṣu kẹfa, ọdun 1993 ni orilẹ ede Naijiria?",[].
"Ile iṣẹ IT meloo lo wa ni Bay Area, San Francisco, l'orilẹ-ede Amẹrika?",[].
Ọdun wo ni a da ẹgbẹ oloṣelu Rally of the Guinean People silẹ,[].
Ere wo ni Tunde Kelani gbe jade lẹyin ere 'Abẹni'?,[].
Popu kelo lowa lori ipo ọga patapata ti Ìjọ Kátólìkì lowolowo?,[].
Ki ni orukọ ọba Benin ni ọdun 2014 ?,[].
ọmọ ipinle wo ni olorin emi Nathaniel Bassey?,[].
Ilu wo ni aarẹ  tẹlẹ  Goodluck Jonathan ti ṣe ile ẹkọ ẹ ?,[].
Kini gbolohun ọrọ ẹgbẹ Chinese People Political party ilẹ China?,[].
Ni igba wo ni wọn pari kikọ papa Peter Mokaba?,[].
iru orin wo ni olorin Tope Alabi ma nko?,[].
Ta ni iyawo agbabọọlu ere afẹsẹgba Nnamdi Kanu ?,[].
ṣe Madagascar di ibo gomina ni 2021?,[].
ipinlẹ wo ni Alakukọ wa ni orilẹ ede Naijiria ?,[].
se orilẹ-ede France wa ni Apáìwọ̀òrùn Europe?,[].
Ṣe Ukraine wa lara EU?,[].
tani ọga patapata ti yunifasiti North Carolina?,[].
Ọmọọkunrin meloo ni Aarẹ tẹlẹ Donald Trump bi?,[].
Kini orukọ ẹgbẹ agba bọọlu ti orilẹ ede Naijiria ki wọn to di super eagles?,[].
Tani gomina ilu Eko nigba ti wọn kọ ile giga akọkọ l'orilẹ-ede Naijiria?,[].
ṣe iṣẹ apeja wa ni ilu Corsica?,[].
Kini orukọ ọmọkunrin akọbi Banky W?,[].
Ọdun wo ni wọn bi Oduduwa?,[].
Aye melo ni ile-ise Air Peace bere fun ni papako ofurufu Sharja to fa ija pelu awon alase UAE lọdun 2021?,[].
planeti meloo la ni?,[].
Saa melo ni Ronald Koeman lo gẹgẹ bi akọnimọgba  ikọ agbabọlu Barcelona?,[].
ṣe wọn maa n fi epo pupa se Ahriche?,[].
Ile ẹkọ giga wo ni Ṣégun Abraham ti kẹkọọ gboye?,[].
N jẹ Hungary wa lara awọn orilẹ-ede ti European Union?,[].
Kini orukọ ọkọ Elisabeti Keji?,[].
